year,data,quarter,sex,length,1,2,3,4,5,6,7,8,9,10,11,12,13,14,15,16,17,18,19,20,21,22,23,24,25,26
2013,landings,1,female,27,,1,2,2,,,,,,,,,,,,,,,,,,,,,,
2013,landings,1,female,29,,1,11,12,,1,,,,,,,,,,,,,,,,,,,,
2013,landings,1,female,31,,1,12,19,5,1,,,,,,,,,,,,,,,,,,,,
2013,landings,1,female,33,,,11,23,6,1,1,,,,,,,,,,,,,,,,,,,
2013,landings,1,female,35,,,7,27,14,2,1,,,,,,,,,,,,,,,,,,,
2013,landings,1,female,37,,,,27,14,5,,,,,,,,,,,,,,,,,,,,
2013,landings,1,female,39,,,,13,14,6,5,1,,,,,,,,,,,,,,,,,,
2013,landings,1,female,41,,,,4,17,13,4,2,,,,,,,,,,,,,,,,,,
2013,landings,1,female,43,,,,,3,5,13,6,1,1,1,,,,,,,,,,,,,,,
2013,landings,1,female,45,,,,,5,4,7,4,7,,,,,,,,,,,,,,,,,
2013,landings,1,female,47,,,,,,2,6,4,5,,1,,,,,,,,,,,,,,,
2013,landings,1,female,49,,,,,,,8,3,7,1,,1,1,,,,,,,,,,,,,
2013,landings,1,female,51,,,,,,,1,,8,2,2,,1,,1,,,,,,,,,,,
2013,landings,1,female,53,,,,,,1,,,4,,1,,,1,,,,,,,,,,,,
2013,landings,1,female,55,,,,,,,,,2,1,,1,1,1,,,,,,,,,,,,
2013,landings,1,male,27,,4,4,1,1,,,,,,,,,,,,,,,,,,,,,
2013,landings,1,male,29,,1,18,8,3,,1,,,,,,,,,,,,,,,,,,,
2013,landings,1,male,31,,1,13,15,4,1,2,,,,1,,,,,,,,,,,,,,,
2013,landings,1,male,33,,,12,16,3,3,,,,,,,,,,,,,,,,,,,,
2013,landings,1,male,35,,,3,8,7,2,4,1,,,,,,,,,,,,,,,,,,
2013,landings,1,male,37,,,,1,1,5,5,2,1,,,,,,,,,,,,,,,,,
2013,landings,1,male,39,,,,1,,2,1,,,,,,,,,,,,,,,,,,,
2013,landings,1,male,41,,,,,,1,2,3,,,,,,,,,,,,,,,,,,
2013,landings,1,male,43,,,,,,,,1,,,,,,,,,,,,,,,,,,
2013,landings,2,female,25,,1,2,,,,,,,,,,,,,,,,,,,,,,,
2013,landings,2,female,27,,,10,3,,,,,,,,,,,,,,,,,,,,,,
2013,landings,2,female,29,,,26,6,1,1,,,,,,,,,,,,,,,,,,,,
2013,landings,2,female,31,,1,25,8,9,2,,,,,,,,,,,,,,,,,,,,
2013,landings,2,female,33,,1,9,23,6,6,1,,,,,,,,,,,,,,,,,,,
2013,landings,2,female,35,,,10,18,9,10,1,1,,,,,,,,,,,,,,,,,,
2013,landings,2,female,37,,,5,12,12,6,1,,1,,,,,,,,,,,,,,,,,
2013,landings,2,female,39,,,,9,8,8,1,2,1,,1,,,,,,,,,,,,,,,
2013,landings,2,female,41,,,,1,7,7,3,1,,,,,,,,,,,,,,,,,,
2013,landings,2,female,43,,,,,4,4,5,1,,,,,,,,,,,,,,,,,,
2013,landings,2,female,45,,,,1,2,,8,1,6,,,,,,,,,,,,,,,,,
2013,landings,2,female,47,,,,,,1,7,3,1,,2,,,,,,,,,,,,,,,
2013,landings,2,female,49,,,,,,4,11,1,2,1,,,,,,,,,,,,,,,,
2013,landings,2,female,51,,,,,2,,4,1,2,,1,,,,1,,,,,,,,,,,
2013,landings,2,female,53,,,,,,,2,2,3,,1,1,,,,,,,,,,,,,,
2013,landings,2,female,55,,,,,,,1,,3,1,2,,,,,,,,,,,,,,,
2013,landings,2,female,57,,,,,,,1,,1,,1,1,,,,,,,,,,,,,,
2013,landings,2,female,59,,,,,,,,,1,,,1,,1,,,,,,,,,,,,
2013,landings,2,female,61,,,,,,,,,,,,,1,1,1,,,,,,,,,,,
2013,landings,2,male,25,,1,1,,,,,,,,,,,,,,,,,,,,,,,
2013,landings,2,male,27,,,5,2,,,,,,,,,,,,,,,,,,,,,,
2013,landings,2,male,29,,3,11,4,1,1,,1,,,,,,,,,,,,,,,,,,
2013,landings,2,male,31,,,14,8,4,,,,2,1,,,,,,,,,,,,,,,,
2013,landings,2,male,33,,,4,10,5,2,,,1,,,,,,,,,,,,,,,,,
2013,landings,2,male,35,,,,2,2,1,2,2,1,,,,,,,,,,,,,,,,,
2013,landings,2,male,37,,,,,2,2,1,1,,,,,,,,,,,,,,,,,,
2013,landings,2,male,39,,,,,,,1,,1,,3,,,,,,,,,,,,,,,
2013,landings,2,male,41,,,,,,,1,1,,1,,,,,,,,,,,,,,,,
2013,landings,2,male,43,,,,,,,,,1,,,,,,,,,,,,,,,,,
2013,landings,3,female,25,,,2,,,,,,,,,,,,,,,,,,,,,,,
2013,landings,3,female,27,1,8,12,3,,,,,,,,,,,,,,,,,,,,,,
2013,landings,3,female,29,,2,37,6,3,1,,,,,,,,,,,,,,,,,,,,
2013,landings,3,female,31,,4,22,19,7,2,,1,,,,,,,,,,,,,,,,,,
2013,landings,3,female,33,,3,21,28,5,,1,,,,,,,,,,,,,,,,,,,
2013,landings,3,female,35,,,8,24,15,3,4,,,,,,,,,,,,,,,,,,,
2013,landings,3,female,37,,2,9,19,17,7,1,,,,,,,,,,,,,,,,,,,
2013,landings,3,female,39,,,3,14,11,1,1,2,,1,,,,,,,,,,,,,,,,
2013,landings,3,female,41,,,,9,7,6,2,1,,,,,,,,,,,,,,,,,,
2013,landings,3,female,43,,,,3,3,9,3,,,1,,,,,,,,,,,,,,,,
2013,landings,3,female,45,,,,,,3,2,1,3,1,1,,,1,,,,,,,,,,,,
2013,landings,3,female,47,,,,,1,,1,1,2,,,,,,,,,,,,,,,,,
2013,landings,3,female,49,,,,,,,2,,1,,1,,,,,,,,,,,,,,,
2013,landings,3,female,51,,,,,,,,3,,,,,,,,,,,,,,,,,,
2013,landings,3,female,53,,,,,,,1,1,,,,1,,,,,,,,,,,,,,
2013,landings,3,female,55,,,,,,,,1,1,,,2,,,,,,,,,,,,,,
2013,landings,3,female,57,,,,,,,1,,,,,,,,1,,,,,,,,,,,
2013,landings,3,female,59,,,,,,,,,,,,,,1,,,,,,,,,,,,
2013,landings,3,female,61,,,,,,,,,,,,,,,2,,,,,,,,,,,
2013,landings,3,female,63,,,,,,,,,,,,,,,1,,,,,,,,,,,
2013,landings,3,male,25,,2,4,1,,,,,,,,,,,,,,,,,,,,,,
2013,landings,3,male,27,,2,3,7,2,,1,,,,,,,,,,,,,,,,,,,
2013,landings,3,male,29,,3,11,13,6,,,,,,,,,,,,,,,,,,,,,
2013,landings,3,male,31,,,12,21,4,1,2,,1,,,,,,,,,,,,,,,,,
2013,landings,3,male,33,,,9,6,5,3,1,,,,,,,,,,,,,,,,,,,
2013,landings,3,male,35,,,2,7,5,1,2,,,,,,,,,,,,,,,,,,,
2013,landings,3,male,37,,,,,,,2,1,,,,,,,,,,,,,,,,,,
2013,landings,4,female,27,1,2,4,,,,,,,,,,,,,,,,,,,,,,,
2013,landings,4,female,29,1,4,21,3,,1,,,,,,,,,,,,,,,,,,,,
2013,landings,4,female,31,,6,32,10,,,,,,,,,,,,,,,,,,,,,,
2013,landings,4,female,33,,5,26,21,1,1,,,,,,,,,,,,,,,,,,,,
2013,landings,4,female,35,,,15,23,14,1,,,,,,,,,,,,,,,,,,,,
2013,landings,4,female,37,,,7,29,11,1,,,,,,,,,,,,,,,,,,,,
2013,landings,4,female,39,,,5,20,13,8,,1,,,,,,,,,,,,,,,,,,
2013,landings,4,female,41,,,2,12,9,8,6,,1,,,,,,,,,,,,,,,,,
2013,landings,4,female,43,,,1,8,7,9,2,2,1,,,,,,,,,,,,,,,,,
2013,landings,4,female,45,,,,5,,2,4,,2,,,,,,,,,,,,,,,,,
2013,landings,4,female,47,,,,,2,5,4,1,1,,,1,,,,,,,,,,,,,,
2013,landings,4,female,49,,,,,1,,1,,2,1,,,,,,,,,,,,,,,,
2013,landings,4,female,51,,,,,1,,1,2,1,,1,,,,1,,,,,,,,,,,
2013,landings,4,female,53,,,,,,,,,,,1,,,,1,,,,,,,,,,,
2013,landings,4,female,55,,,,,,,,,,,1,,,,1,,,,,,,,,,,
2013,landings,4,female,57,,,,,,,,,,,,,,,,,,,,,,,,,,
2013,landings,4,female,59,,,,,,,,,,,2,,,,,,,,,,,,,,,
2013,landings,4,male,23,,1,,,,,,,,,,,,,,,,,,,,,,,,
2013,landings,4,male,25,,,1,1,,,,,,,,,,,,,,,,,,,,,,
2013,landings,4,male,27,,1,6,2,,,,,,,,,,,,,,,,,,,,,,
2013,landings,4,male,29,,6,15,7,,,,,,,,,,,,,,,,,,,,,,
2013,landings,4,male,31,,4,16,14,,1,,,,,,,,,,,,,,,,,,,,
2013,landings,4,male,33,,,11,16,5,2,,,,,,,,,,,,,,,,,,,,
2013,landings,4,male,35,,,7,8,2,1,3,,1,,,,,,,,,,,,,,,,,
2013,landings,4,male,37,,,1,3,2,,,1,1,,,,,,,,,,,,,,,,,
2013,landings,4,male,39,,,,,,,1,,,,,,,,,,,,,,,,,,,
2013,landings,4,male,41,,,,,,,,,,,,,,,,,,,,,,,,,,
2013,landings,4,male,43,,,,,,1,,,,,,,,,,,,,,,,,,,,
2014,landings,1,female,25,,,2,,1,,,,,,,,,,,,,,,,,,,,,
2014,landings,1,female,27,,2,9,16,1,,,,,,,,,,,,,,,,,,,,,
2014,landings,1,female,29,,1,20,20,8,,,,,,,,,,,,,,,,,,,,,
2014,landings,1,female,31,,,13,25,12,,,,,,,,,,,,,,,,,,,,,
2014,landings,1,female,33,,,5,19,22,6,1,,,,,,,,,,,,,,,,,,,
2014,landings,1,female,35,,,3,21,17,8,4,1,,,,,,,,,,,,,,,,,,
2014,landings,1,female,37,,,4,11,16,13,2,1,,,,,,,,,,,,,,,,,,
2014,landings,1,female,39,,,,4,17,11,1,3,2,,,,,,,,,,,,,,,,,
2014,landings,1,female,41,,,,,11,12,5,4,2,,,,,,,,,,,,,,,,,
2014,landings,1,female,43,,,,1,8,1,8,3,1,,,,2,,,,,,,,,,,,,
2014,landings,1,female,45,,,,,3,3,4,4,,,,,,,,,,,,,,,,,,
2014,landings,1,female,47,,,,,,,2,4,2,1,,1,,,,,,,,,,,,,,
2014,landings,1,female,49,,,,,,,3,2,3,,2,2,,,,,,,,,,,,,,
2014,landings,1,female,51,,,,,,,,1,2,1,,,2,,2,,,,,,,,,,,
2014,landings,1,female,53,,,,,,,,,,2,,,1,1,2,,,,,,,,,,,
2014,landings,1,female,55,,,,,,,,,,,,1,,,1,,,,,,,,,,,
2014,landings,1,female,57,,,,,,,,,,,,,,,,,,,,,,,,,,
2014,landings,1,female,59,,,,,,,,,,,,,,1,,,,,,,,,,,,
2014,landings,1,male,25,,1,,3,,,,,,,,,,,,,,,,,,,,,,
2014,landings,1,male,27,,4,4,10,2,,,,,,,,,,,,,,,,,,,,,
2014,landings,1,male,29,,4,7,18,3,,,,,,,,,,,,,,,,,,,,,
2014,landings,1,male,31,,,11,13,5,3,,,,,,,,,,,,,,,,,,,,
2014,landings,1,male,33,,1,2,10,3,3,,,1,,,,,,,,,,,,,,,,,
2014,landings,1,male,35,,,1,6,6,1,1,1,,,,,,,,,,,,,,,,,,
2014,landings,1,male,37,,,,5,3,1,,,,1,,,,,,,,,,,,,,,,
2014,landings,2,female,25,,,1,,,1,,,,,,,,,,,,,,,,,,,,
2014,landings,2,female,27,,3,9,3,,,,,,,,,,,,,,,,,,,,,,
2014,landings,2,female,29,,1,12,18,,,,,,,,,,,,,,,,,,,,,,
2014,landings,2,female,31,,1,6,22,5,2,,,,,,,,,,,,,,,,,,,,
2014,landings,2,female,33,,,6,16,13,7,1,,,,,,,,,,,,,,,,,,,
2014,landings,2,female,35,,,2,18,12,3,3,,,,,,,,,,,,,,,,,,,
2014,landings,2,female,37,,,1,7,12,5,4,1,,,,,,,,,,,,,,,,,,
2014,landings,2,female,39,,,,4,8,2,7,1,,,,,,,,,,,,,,,,,,
2014,landings,2,female,41,,,,1,5,7,4,1,2,,,,,,,,,,,,,,,,,
2014,landings,2,female,43,,,,1,2,1,3,5,3,,,,,,,,,,,,,,,,,
2014,landings,2,female,45,,,,,2,2,2,3,3,,1,2,,,,,,,,,,,,,,
2014,landings,2,female,47,,,,,,2,3,3,1,,,,,,,,,,,,,,,,,
2014,landings,2,female,49,,,,,,,1,4,,,,,,1,,,,,,,,,,,,
2014,landings,2,female,51,,,,,,,1,,,,1,,,,1,,,,,,,,,,,
2014,landings,2,female,53,,,,,,,,,1,2,,1,1,,,,,,,,,,,,,
2014,landings,2,female,55,,,,,,,,,,,,,,1,,,,,,,,,,,,
2014,landings,2,female,57,,,,,,,,,,,,,,,,,,,,,,,,,,
2014,landings,2,female,59,,,,,,,,,,,,,,,1,,,,,,,,,,,
2014,landings,2,male,27,,,4,5,,,1,,,,,,,,,,,,,,,,,,,
2014,landings,2,male,29,,1,3,8,5,1,,,,,,,,,,,,,,,,,,,,
2014,landings,2,male,31,,,3,12,9,3,,,,,,,,,,,,,,,,,,,,
2014,landings,2,male,33,,,,6,8,2,,,,,,,,,,,,,,,,,,,,
2014,landings,2,male,35,,,,1,4,1,2,1,,,,,1,,,,,,,,,,,,,
2014,landings,2,male,37,,,,,,,,1,,,,,,,,,,,,,,,,,,
2014,landings,3,female,23,,1,,,,,,,,,,,,,,,,,,,,,,,,
2014,landings,3,female,25,,6,1,,,,,,,,,,,,,,,,,,,,,,,
2014,landings,3,female,27,,21,9,9,1,,,,,,,,,,,,,,,,,,,,,
2014,landings,3,female,29,,15,26,27,9,2,,,,,,,,,,,,,,,,,,,,
2014,landings,3,female,31,,4,20,39,14,1,2,,,,,,,,,,,,,,,,,,,
2014,landings,3,female,33,,4,18,32,17,3,,1,,,,,,,,,,,,,,,,,,
2014,landings,3,female,35,,,13,30,18,8,4,,1,,,,,,,,,,,,,,,,,
2014,landings,3,female,37,,,4,12,27,16,2,1,1,,,,,,,,,,,,,,,,,
2014,landings,3,female,39,,,2,7,21,17,2,1,2,,,,,,,,,,,,,,,,,
2014,landings,3,female,41,,,,3,12,18,6,4,2,,,,,,,,,,,,,,,,,
2014,landings,3,female,43,,,,5,5,14,4,5,5,,1,,,,,,,,,,,,,,,
2014,landings,3,female,45,,,,,1,6,5,4,8,,,,,,1,,,,,,,,,,,
2014,landings,3,female,47,,,,,,,2,7,4,2,,,,,1,,,,,,,,,,,
2014,landings,3,female,49,,,,,1,1,,2,6,1,2,,1,,,,,,,,,,,,,
2014,landings,3,female,51,,,,,,3,,2,2,,2,2,,,,,,,,,,,,,,
2014,landings,3,female,53,,,,,,,,1,,3,3,,1,,,,,,,,,,,,,
2014,landings,3,female,55,,,,,,,,1,1,,,1,1,,,,,,,,,,,,,
2014,landings,3,female,57,,,,,,,,,,,,1,,,1,,,,,,,,,,,
2014,landings,3,female,59,,,,,,,,,2,,,1,,,,,,,,,,,,,,
2014,landings,3,female,61,,,,,,,,,,,,,,,,,,,,,,,,,,
2014,landings,3,female,63,,,,,,,,,,,,,,,1,,,,,,,,,,,
2014,landings,3,male,25,1,2,2,,,,,,,,,,,,,,,,,,,,,,,
2014,landings,3,male,27,,5,11,7,5,,,,,,,,,,,,,,,,,,,,,
2014,landings,3,male,29,,1,12,16,20,3,1,,,,,,,,,,,,,,,,,,,
2014,landings,3,male,31,,3,9,18,16,5,,,,,,,,,,,,,,,,,,,,
2014,landings,3,male,33,,2,4,7,17,5,3,1,4,,,,,,,,,,,,,,,,,
2014,landings,3,male,35,,,1,4,6,4,2,,,,,,,,,,,,,,,,,,,
2014,landings,3,male,37,,,,,1,3,,,2,,,,,,,,,,,,,,,,,
2014,landings,3,male,39,,,,,1,1,,,2,,,,1,,,,,,,,,,,,,
2014,landings,3,male,41,,,,,,,,,,,,,,,,,,,,,,,,,,
2014,landings,3,male,43,,,,,,,1,,,,,,,,,,,,,,,,,,,
2014,landings,4,female,25,,1,,1,,,,,,,,,,,,,,,,,,,,,,
2014,landings,4,female,27,,7,5,2,,,,,,,,,,,,,,,,,,,,,,
2014,landings,4,female,29,,9,16,8,1,,1,,,,,,,,,,,,,,,,,,,
2014,landings,4,female,31,,4,21,24,10,2,,,,,,,,,,,,,,,,,,,,
2014,landings,4,female,33,,4,16,34,5,4,1,,,,,,,,,,,,,,,,,,,
2014,landings,4,female,35,,1,5,30,18,11,6,1,2,,,,,,,,,,,,,,,,,
2014,landings,4,female,37,,,6,20,20,23,3,,3,,,,,,,,,,,,,,,,,
2014,landings,4,female,39,,,,20,16,26,6,3,1,,,,,,,,,,,,,,,,,
2014,landings,4,female,41,,,,3,9,32,7,2,5,,,,,,,,,,,,,,,,,
2014,landings,4,female,43,,,1,4,8,23,6,4,8,,1,,1,,,,,,,,,,,,,
2014,landings,4,female,45,,,,1,4,12,7,4,10,2,3,,,,,,,,,,,,,,,
2014,landings,4,female,47,,,,1,1,15,4,5,9,,3,,,,,,,,,,,,,,,
2014,landings,4,female,49,,,,,,4,6,5,6,2,1,2,1,,1,,,,,,,,,,,
2014,landings,4,female,51,,,,,,2,1,,9,,,4,,,2,,,,,,,,,,,
2014,landings,4,female,53,,,,,,1,,1,1,,1,1,,,2,,,,,,,,,,,
2014,landings,4,female,55,,,,,,,,,3,,4,1,1,,,,,,,,,,,,,
2014,landings,4,female,57,,,,,,,,,,1,,,,,,,,,,,,,,,,
2014,landings,4,female,59,,,,,,,,,,,,,,,,,,,,,,,,,,
2014,landings,4,female,61,,,,,,,,,,,,,,,1,,,,,,,,,,,
2014,landings,4,male,25,,,1,1,,,,,,,,,,,,,,,,,,,,,,
2014,landings,4,male,27,,3,6,3,,,,,,,,,,,,,,,,,,,,,,
2014,landings,4,male,29,,2,9,9,2,1,,,,,,,,,,,,,,,,,,,,
2014,landings,4,male,31,,2,6,17,9,3,1,1,,,,,,,,,,,,,,,,,,
2014,landings,4,male,33,,,3,13,12,6,4,1,1,,,,,,,,,,,,,,,,,
2014,landings,4,male,35,,1,,7,4,9,3,1,5,,,,,,,,,,,,,,,,,
2014,landings,4,male,37,,,,4,4,5,1,1,2,,,,1,,,,,,,,,,,,,
2014,landings,4,male,39,,,,,1,2,3,,,,1,,,,,,,,,,,,,,,
2015,landings,1,female,27,,5,7,4,1,2,,,,,,,,,,,,,,,,,,,,
2015,landings,1,female,29,,4,12,16,8,0,,1,,,,,,,,,,,,,,,,,,
2015,landings,1,female,31,,1,14,15,24,4,,1,,,,,,,,,,,,,,,,,,
2015,landings,1,female,33,,1,13,15,27,7,2,0,1,,,,,,,,,,,,,,,,,
2015,landings,1,female,35,,,3,18,25,19,1,0,0,,,,,,,,,,,,,,,,,
2015,landings,1,female,37,,,3,14,18,18,7,1,1,,,,,,,,,,,,,,,,,
2015,landings,1,female,39,,,1,7,25,19,7,0,0,,,,,,,,,,,,,,,,,
2015,landings,1,female,41,,,,3,14,19,12,3,2,,,,,,,,,,,,,,,,,
2015,landings,1,female,43,,,,,5,13,16,4,6,2,,,,,,,,,,,,,,,,
2015,landings,1,female,45,,,,,2,7,13,0,3,1,,1,,,,,,,,,,,,,,
2015,landings,1,female,47,,,,,0,6,8,0,6,1,5,0,,,,,,,,,,,,,,
2015,landings,1,female,49,,,,,1,1,3,1,8,2,4,1,,,,,,,,,,,,,,
2015,landings,1,female,51,,,,,,,,1,6,1,5,,1,,,,,,,,,,,,,
2015,landings,1,female,53,,,,,,,,,2,,4,,0,,2,,,,,,,,,,,
2015,landings,1,female,55,,,,,,,,,,,3,,2,2,4,,,,,,,,,,,
2015,landings,1,female,57,,,,,,,,,,,,,0,1,,,,,,,,,,,,
2015,landings,1,female,59,,,,,,,,,,,,,0,,,,,,,,,,,,,
2015,landings,1,female,61,,,,,,,,,,,,,0,,,,,,,,,,,,,
2015,landings,1,female,63,,,,,,,,,,,,,1,,,,,,,,,,,,,
2015,landings,1,male,27,,1,6,2,,,,,,,,,,,,,,,,,,,,,,
2015,landings,1,male,29,,6,7,4,5,1,,,,,,,,,,,,,,,,,,,,
2015,landings,1,male,31,,3,7,10,5,4,2,1,,,,,,,,,,,,,,,,,,
2015,landings,1,male,33,,,7,5,8,5,4,0,,,,,,,,,,,,,,,,,,
2015,landings,1,male,35,,,,3,9,6,2,,,2,1,,,,,,,,,,,,,,,
2015,landings,1,male,37,,,,2,1,1,4,,1,,0,,,,,,,,,,,,,,,
2015,landings,1,male,39,,,,,,,0,,,,1,,,,,,,,,,,,,,,
2015,landings,1,male,41,,,,,,,0,,,,,1,,,,,,,,,,,,,,
2015,landings,1,male,43,,,,,,,0,,,,,0,,,,,,,,,,,,,,
2015,landings,1,male,45,,,,,,,1,,,,,0,,,,,,,,,,,,,,
2015,landings,1,male,47,,,,,,,,,,,,1,,,,,,,,,,,,,,
2015,landings,2,female,27,,2,4,2,3,,,,,,,,,,,,,,,,,,,,,
2015,landings,2,female,29,,2,8,9,2,,,,,,,,,,,,,,,,,,,,,
2015,landings,2,female,31,,0,7,12,8,,,,,,,,,,,,,,,,,,,,,
2015,landings,2,female,33,,0,6,4,16,4,1,,,,,,,,,,,,,,,,,,,
2015,landings,2,female,35,,1,2,6,19,9,4,,,,,,,,,,,,,,,,,,,
2015,landings,2,female,37,,,1,5,23,10,6,,,,,,,,,,,,,,,,,,,
2015,landings,2,female,39,,,,5,8,14,9,2,1,,,,,,,,,,,,,,,,,
2015,landings,2,female,41,,,,3,6,9,7,3,1,,,,,,,,,,,,,,,,,
2015,landings,2,female,43,,,,,2,9,6,3,6,,,,,,,,,,,,,,,,,
2015,landings,2,female,45,,,,,2,6,7,3,5,,1,,,,,,,,,,,,,,,
2015,landings,2,female,47,,,,,1,5,6,5,4,,3,,,,,,,,,,,,,,,
2015,landings,2,female,49,,,,,,2,5,0,11,2,2,,1,,,,,,,,,,,,,
2015,landings,2,female,51,,,,,,1,3,0,6,,2,,1,,1,,,,,,,,,,,
2015,landings,2,female,53,,,,,,,0,1,1,,3,1,0,,0,,,,,,,,,,,
2015,landings,2,female,55,,,,,,,2,,4,,1,0,0,,1,,,,,,,,,,,
2015,landings,2,female,57,,,,,,,1,,,,0,2,0,,3,,,,,,,,,,,
2015,landings,2,female,59,,,,,,,,,,,1,,1,,0,,,,,,,,,,,
2015,landings,2,female,61,,,,,,,,,,,0,,,,0,,,,,,,,,,,
2015,landings,2,female,63,,,,,,,,,,,1,,,,0,,,,,,,,,,,
2015,landings,2,female,65,,,,,,,,,,,,,,,1,,,,,,,,,,,
2015,landings,2,male,25,1,,,,,,,,,,,,,,,,,,,,,,,,,
2015,landings,2,male,27,0,3,,,,,,,,,,,,,,,,,,,,,,,,
2015,landings,2,male,29,1,4,3,3,2,,,,,,,,,,,,,,,,,,,,,
2015,landings,2,male,31,,3,0,11,4,,,,,,,,,,,,,,,,,,,,,
2015,landings,2,male,33,,,4,7,8,2,,,,,,,,,,,,,,,,,,,,
2015,landings,2,male,35,,,1,6,7,3,1,1,,,,,,,,,,,,,,,,,,
2015,landings,2,male,37,,,,1,2,3,0,,1,,,,,1,,,,,,,,,,,,
2015,landings,2,male,39,,,,,,,1,,,,,,,,,,,,,,,,,,,
2015,landings,3,female,25,,1,,,,,,,,,,,,,,,,,,,,,,,,
2015,landings,3,female,27,,5,1,,,,,,,,,,,,,,,,,,,,,,,
2015,landings,3,female,29,,5,7,2,2,,,,,,,,,,,,,,,,,,,,,
2015,landings,3,female,31,,2,16,9,6,1,2,,,,,,,,,,,,,,,,,,,
2015,landings,3,female,33,,2,8,14,8,4,0,,,,,,,,,,,,,,,,,,,
2015,landings,3,female,35,,,6,9,15,7,3,,,,,,,,,,,,,,,,,,,
2015,landings,3,female,37,,,5,3,13,8,1,2,1,,,,,,,,,,,,,,,,,
2015,landings,3,female,39,,,0,3,11,6,7,1,0,,,,,,,,,,,,,,,,,
2015,landings,3,female,41,,,0,0,6,10,3,0,1,,,,,,,,,,,,,,,,,
2015,landings,3,female,43,,,1,1,2,6,6,0,3,,,,,,,,,,,,,,,,,
2015,landings,3,female,45,,,,,2,2,6,2,1,,,,,,,,,,,,,,,,,
2015,landings,3,female,47,,,,,,2,3,1,2,1,,,,,1,,,,,,,,,,,
2015,landings,3,female,49,,,,,,0,2,1,1,0,1,,,,0,,,,,,,,,,,
2015,landings,3,female,51,,,,,,1,1,,2,1,0,,,,0,,,,,,,,,,,
2015,landings,3,female,53,,,,,,1,0,,1,,0,,,,0,,,,,,,,,,,
2015,landings,3,female,55,,,,,,,2,,1,,2,,,,0,,,,,,,,,,,
2015,landings,3,female,57,,,,,,,,,,,1,,,,0,,,,,,,,,,,
2015,landings,3,female,59,,,,,,,,,,,,,,,0,,,,,,,,,,,
2015,landings,3,female,61,,,,,,,,,,,,,,,0,,,,,,,,,,,
2015,landings,3,female,63,,,,,,,,,,,,,,,1,,,,,,,,,,,
2015,landings,3,male,25,1,,,,,,,,,,,,,,,,,,,,,,,,,
2015,landings,3,male,27,0,1,,1,,,,,,,,,,,,,,,,,,,,,,
2015,landings,3,male,29,1,3,3,1,3,,,,,,,,,,,,,,,,,,,,,
2015,landings,3,male,31,,4,2,6,3,1,1,,,,,,,,,,,,,,,,,,,
2015,landings,3,male,33,,1,9,4,4,0,0,,,,,,,,,,,,,,,,,,,
2015,landings,3,male,35,,,6,2,3,2,2,,,,,,,,,,,,,,,,,,,
2015,landings,3,male,37,,,1,2,1,1,0,,,,,,,,,,,,,,,,,,,
2015,landings,3,male,39,,,1,0,0,,2,,,,,,,,,,,,,,,,,,,
2015,landings,3,male,41,,,,0,2,,,,,,,,,,,,,,,,,,,,,
2015,landings,3,male,43,,,,0,1,,,,,,,,,,,,,,,,,,,,,
2015,landings,3,male,45,,,,1,,,,1,,1,,,,,,,,,,,,,,,,
2015,landings,3,male,47,,,,,,,,0,,0,,,,,,,,,,,,,,,,
2015,landings,3,male,49,,,,,,,,1,,1,,,,,,,,,,,,,,,,
2015,landings,4,female,27,,7,,,,,,,,,,,,,,,,,,,,,,,,
2015,landings,4,female,29,,6,7,3,,1,,,,,,,,,,,,,,,,,,,,
2015,landings,4,female,31,,14,21,8,7,1,,,,,,,,,,,,,,,,,,,,
2015,landings,4,female,33,,2,23,12,6,9,,,,,,,,,,,,,,,,,,,,
2015,landings,4,female,35,,1,8,13,19,10,2,,,,,,,,,,,,,,,,,,,
2015,landings,4,female,37,,,3,15,20,9,5,2,,,,,,,,,,,,,,,,,,
2015,landings,4,female,39,,,1,11,22,9,6,2,,,,,,,,,,,,,,,,,,
2015,landings,4,female,41,,,,7,11,13,11,2,,,,,,,,,,,,,,,,,,
2015,landings,4,female,43,,,,,7,14,14,3,1,,,,,,,,,,,,,,,,,
2015,landings,4,female,45,,,,,5,9,10,4,1,1,1,,1,,,,,,,,,,,,,
2015,landings,4,female,47,,,,,1,3,9,3,5,1,0,,1,,,,,,,,,,,,,
2015,landings,4,female,49,,,,,0,1,7,2,5,,1,1,1,,,,,,,,,,,,,
2015,landings,4,female,51,,,,,0,1,6,1,2,,1,0,0,,2,,,,,,,,,,,
2015,landings,4,female,53,,,,,0,,,1,1,,3,1,0,,1,,,,,,,,,,,
2015,landings,4,female,55,,,,,1,,,,2,,0,,1,,0,,,,,,,,,,,
2015,landings,4,female,57,,,,,,,,,1,,1,,0,,0,,,,,,,,,,,
2015,landings,4,female,59,,,,,,,,,1,,0,,1,,0,,,,,,,,,,,
2015,landings,4,female,61,,,,,,,,,,,1,,,,0,,,,,,,,,,,
2015,landings,4,male,25,,1,,,,,,,,,,,,,,,,,,,,,,,,
2015,landings,4,male,27,,1,,1,,,,,,,,,,,,,,,,,,,,,,
2015,landings,4,male,29,,10,3,2,,1,,,,,,,,,,,,,,,,,,,,
2015,landings,4,male,31,,6,3,8,7,4,3,,1,,,,,,,,,,,,,,,,,
2015,landings,4,male,33,,,4,13,5,3,1,1,,,1,,,,,,,,,,,,,,,
2015,landings,4,male,35,,,3,5,8,7,3,0,,,0,,,,,,,,,,,,,,,
2015,landings,4,male,37,,,,1,3,3,2,0,,,0,,,,,,,,,,,,,,,
2015,landings,4,male,39,,,,,1,5,,1,,,0,,,,,,,,,,,,,,,
2015,landings,4,male,41,,,,,1,,,0,,,0,,,,,,,,,,,,,,,
2015,landings,4,male,43,,,,,,,,0,,,1,,,,,,,,,,,,,,,
2015,landings,4,male,45,,,,,,,,1,,,,,,,1,,,,,,,,,,,
2016,landings,1,female,27,,,6,1,0,0,0,0,0,0,0,0,0,0,0,,,,,,,,,,,
2016,landings,1,female,29,,,14,13,2,1,0,0,0,0,0,0,0,0,0,,,,,,,,,,,
2016,landings,1,female,31,,,10,15,12,4,0,0,0,0,0,0,0,0,0,,,,,,,,,,,
2016,landings,1,female,33,,,6,18,10,11,1,0,0,0,0,0,0,0,0,,,,,,,,,,,
2016,landings,1,female,35,,,1,9,15,12,7,1,0,0,0,0,0,0,0,,,,,,,,,,,
2016,landings,1,female,37,,,1,7,15,19,4,0,1,0,1,0,0,0,0,,,,,,,,,,,
2016,landings,1,female,39,,,1,4,8,20,9,1,0,0,0,0,0,0,0,,,,,,,,,,,
2016,landings,1,female,41,,,0,2,8,19,7,5,0,0,0,0,0,0,0,,,,,,,,,,,
2016,landings,1,female,43,,,0,0,3,8,18,4,2,1,0,0,0,0,0,,,,,,,,,,,
2016,landings,1,female,45,,,0,0,1,8,12,6,1,1,0,1,0,0,0,,,,,,,,,,,
2016,landings,1,female,47,,,0,0,0,4,5,7,2,3,2,1,0,0,0,,,,,,,,,,,
2016,landings,1,female,49,,,0,0,0,2,7,3,2,4,0,0,2,1,0,,,,,,,,,,,
2016,landings,1,female,51,,,0,0,0,1,5,1,3,5,3,0,2,0,0,,,,,,,,,,,
2016,landings,1,female,53,,,0,0,0,1,2,0,1,1,0,2,0,1,2,,,,,,,,,,,
2016,landings,1,female,55,,,0,0,0,0,1,0,0,0,3,4,0,0,1,,,,,,,,,,,
2016,landings,1,female,57,,,0,0,0,0,0,0,0,1,3,0,1,0,2,,,,,,,,,,,
2016,landings,1,female,59,,,0,0,0,0,0,0,0,0,0,0,0,0,1,,,,,,,,,,,
2016,landings,1,female,61,,,0,0,0,0,0,0,0,1,0,0,0,0,0,,,,,,,,,,,
2016,landings,1,male,25,,,1,0,0,0,0,0,0,0,0,0,,,,,,,,,,,,,,
2016,landings,1,male,27,,,5,1,1,0,0,0,0,0,0,0,,,,,,,,,,,,,,
2016,landings,1,male,29,,,9,7,4,2,0,0,0,0,0,0,,,,,,,,,,,,,,
2016,landings,1,male,31,,,12,9,2,4,1,1,0,0,0,0,,,,,,,,,,,,,,
2016,landings,1,male,33,,,4,3,10,5,2,1,1,0,0,0,,,,,,,,,,,,,,
2016,landings,1,male,35,,,3,3,5,7,6,0,0,0,0,0,,,,,,,,,,,,,,
2016,landings,1,male,37,,,0,2,8,4,1,2,1,0,2,1,,,,,,,,,,,,,,
2016,landings,1,male,39,,,0,0,1,6,2,1,0,0,0,0,,,,,,,,,,,,,,
2016,landings,1,male,41,,,1,0,1,1,1,0,0,0,0,0,,,,,,,,,,,,,,
2016,landings,2,female,23,,0,1,0,0,0,0,0,0,0,0,0,0,0,0,,,,,,,,,,,
2016,landings,2,female,25,,0,6,0,0,0,0,0,0,0,0,0,0,0,0,,,,,,,,,,,
2016,landings,2,female,27,,0,8,4,1,0,0,0,0,0,0,0,0,0,0,,,,,,,,,,,
2016,landings,2,female,29,,0,16,8,0,1,0,0,0,0,0,0,0,0,0,,,,,,,,,,,
2016,landings,2,female,31,,1,13,13,5,5,0,0,0,0,0,0,0,0,0,,,,,,,,,,,
2016,landings,2,female,33,,0,9,17,10,3,1,0,0,0,0,0,0,0,0,,,,,,,,,,,
2016,landings,2,female,35,,0,3,15,8,10,0,1,0,0,0,0,0,0,0,,,,,,,,,,,
2016,landings,2,female,37,,0,1,7,9,5,4,5,1,0,0,0,0,0,0,,,,,,,,,,,
2016,landings,2,female,39,,0,0,5,5,12,4,1,0,1,0,0,0,0,0,,,,,,,,,,,
2016,landings,2,female,41,,0,0,0,5,4,8,4,0,0,0,0,0,0,0,,,,,,,,,,,
2016,landings,2,female,43,,0,0,0,1,3,6,1,1,0,0,0,0,0,0,,,,,,,,,,,
2016,landings,2,female,45,,0,0,0,0,2,2,2,3,1,1,0,0,0,0,,,,,,,,,,,
2016,landings,2,female,47,,0,0,0,0,1,3,3,2,2,0,0,0,0,0,,,,,,,,,,,
2016,landings,2,female,49,,0,0,0,0,0,1,3,2,3,1,0,0,0,0,,,,,,,,,,,
2016,landings,2,female,51,,0,0,0,0,0,3,1,4,0,0,0,0,0,0,,,,,,,,,,,
2016,landings,2,female,53,,0,0,0,0,0,1,1,2,2,1,0,1,0,0,,,,,,,,,,,
2016,landings,2,female,55,,0,0,0,0,0,0,0,0,1,0,0,1,0,1,,,,,,,,,,,
2016,landings,2,female,57,,0,0,0,0,0,0,0,0,1,1,0,0,1,0,,,,,,,,,,,
2016,landings,2,female,59,,0,0,0,0,0,0,0,0,2,0,0,0,0,0,,,,,,,,,,,
2016,landings,2,female,61,,0,0,0,0,0,0,0,0,1,0,0,0,0,0,,,,,,,,,,,
2016,landings,2,male,25,,0,2,1,0,0,0,0,0,,,,,,,,,,,,,,,,,
2016,landings,2,male,27,,1,6,0,0,1,0,0,0,,,,,,,,,,,,,,,,,
2016,landings,2,male,29,,1,8,1,6,2,2,0,1,,,,,,,,,,,,,,,,,
2016,landings,2,male,31,,1,6,7,3,1,4,0,0,,,,,,,,,,,,,,,,,
2016,landings,2,male,33,,0,2,1,3,2,3,3,0,,,,,,,,,,,,,,,,,
2016,landings,2,male,35,,0,1,1,3,2,3,0,2,,,,,,,,,,,,,,,,,
2016,landings,2,male,37,,0,0,1,0,0,1,0,1,,,,,,,,,,,,,,,,,
2016,landings,2,male,39,,0,0,1,0,0,0,1,0,,,,,,,,,,,,,,,,,
2016,landings,3,female,23,,0,1,0,0,0,0,0,0,0,0,0,0,0,,,,,,,,,,,,
2016,landings,3,female,25,,2,3,0,0,0,0,0,0,0,0,0,0,0,,,,,,,,,,,,
2016,landings,3,female,27,,1,23,0,0,0,0,0,0,0,0,0,0,0,,,,,,,,,,,,
2016,landings,3,female,29,,2,21,12,1,1,0,1,0,0,0,0,0,0,,,,,,,,,,,,
2016,landings,3,female,31,,3,27,12,6,2,0,1,0,0,0,0,0,0,,,,,,,,,,,,
2016,landings,3,female,33,,2,17,16,9,5,0,0,0,0,0,0,0,0,,,,,,,,,,,,
2016,landings,3,female,35,,0,8,22,9,9,1,0,0,0,0,0,0,0,,,,,,,,,,,,
2016,landings,3,female,37,,0,2,16,6,17,2,0,0,0,0,0,0,0,,,,,,,,,,,,
2016,landings,3,female,39,,0,2,6,9,14,8,2,0,0,0,0,0,0,,,,,,,,,,,,
2016,landings,3,female,41,,0,0,1,2,10,8,4,2,0,0,0,0,0,,,,,,,,,,,,
2016,landings,3,female,43,,0,0,0,1,7,13,2,3,0,0,0,0,0,,,,,,,,,,,,
2016,landings,3,female,45,,0,0,0,0,3,9,4,3,0,0,0,1,0,,,,,,,,,,,,
2016,landings,3,female,47,,0,0,0,0,3,3,2,3,0,2,0,0,0,,,,,,,,,,,,
2016,landings,3,female,49,,0,0,0,0,0,3,0,1,0,2,0,0,1,,,,,,,,,,,,
2016,landings,3,female,51,,0,0,0,0,0,0,2,1,0,1,0,0,0,,,,,,,,,,,,
2016,landings,3,female,53,,0,0,0,0,0,0,0,0,0,0,0,0,0,,,,,,,,,,,,
2016,landings,3,female,55,,0,0,0,0,0,0,0,1,0,1,1,2,0,,,,,,,,,,,,
2016,landings,3,female,57,,0,0,0,0,0,0,0,0,0,1,0,0,0,,,,,,,,,,,,
2016,landings,3,male,23,,0,1,0,0,0,0,0,0,0,,,,,,,,,,,,,,,,
2016,landings,3,male,25,,0,2,0,0,0,0,0,0,0,,,,,,,,,,,,,,,,
2016,landings,3,male,27,,1,6,3,2,2,0,0,0,0,,,,,,,,,,,,,,,,
2016,landings,3,male,29,,0,13,7,2,2,0,0,0,0,,,,,,,,,,,,,,,,
2016,landings,3,male,31,,1,5,5,3,9,4,1,0,0,,,,,,,,,,,,,,,,
2016,landings,3,male,33,,0,3,6,2,9,2,0,0,0,,,,,,,,,,,,,,,,
2016,landings,3,male,35,,0,0,1,0,8,2,1,1,1,,,,,,,,,,,,,,,,
2016,landings,3,male,37,,0,0,0,1,0,1,0,0,0,,,,,,,,,,,,,,,,
2016,landings,3,male,39,,0,0,0,0,0,0,0,0,0,,,,,,,,,,,,,,,,
2016,landings,3,male,41,,0,0,0,0,1,0,0,0,0,,,,,,,,,,,,,,,,
2016,landings,4,female,25,,1,0,1,0,0,0,0,0,0,0,0,0,0,0,,,,,,,,,,,
2016,landings,4,female,27,,2,12,1,0,0,0,0,0,0,0,0,0,0,0,,,,,,,,,,,
2016,landings,4,female,29,,5,19,5,1,0,0,0,0,0,0,0,0,0,0,,,,,,,,,,,
2016,landings,4,female,31,,1,22,14,2,1,0,0,0,0,0,0,0,0,0,,,,,,,,,,,
2016,landings,4,female,33,,1,15,12,9,4,0,1,0,0,0,0,0,0,0,,,,,,,,,,,
2016,landings,4,female,35,,0,6,14,12,8,0,2,0,0,0,0,0,0,0,,,,,,,,,,,
2016,landings,4,female,37,,0,6,7,13,11,1,0,0,2,0,0,0,0,0,,,,,,,,,,,
2016,landings,4,female,39,,0,3,11,8,6,7,1,4,0,0,0,0,0,0,,,,,,,,,,,
2016,landings,4,female,41,,0,1,2,4,2,15,3,0,0,0,0,0,0,0,,,,,,,,,,,
2016,landings,4,female,43,,0,0,1,5,10,7,4,0,0,0,0,0,0,0,,,,,,,,,,,
2016,landings,4,female,45,,0,0,0,5,9,9,1,0,0,0,0,0,0,0,,,,,,,,,,,
2016,landings,4,female,47,,0,0,1,2,3,4,1,2,1,0,0,0,0,0,,,,,,,,,,,
2016,landings,4,female,49,,0,0,0,0,0,2,4,3,2,0,0,0,0,0,,,,,,,,,,,
2016,landings,4,female,51,,0,0,0,1,0,2,0,2,0,0,0,0,0,0,,,,,,,,,,,
2016,landings,4,female,53,,0,0,0,0,0,1,2,1,0,0,0,0,0,0,,,,,,,,,,,
2016,landings,4,female,55,,0,0,0,0,0,1,0,2,0,0,0,0,0,0,,,,,,,,,,,
2016,landings,4,female,57,,0,0,0,0,0,0,0,1,0,1,0,0,1,1,,,,,,,,,,,
2016,landings,4,male,25,,1,0,0,0,0,0,0,0,0,0,0,,,,,,,,,,,,,,
2016,landings,4,male,27,,1,8,2,0,0,0,0,0,0,0,0,,,,,,,,,,,,,,
2016,landings,4,male,29,,0,9,6,3,3,3,0,0,0,0,0,,,,,,,,,,,,,,
2016,landings,4,male,31,,0,3,10,6,2,4,1,0,0,0,0,,,,,,,,,,,,,,
2016,landings,4,male,33,,0,6,4,7,5,3,0,0,0,0,1,,,,,,,,,,,,,,
2016,landings,4,male,35,,0,2,2,6,3,4,3,1,1,0,0,,,,,,,,,,,,,,
2016,landings,4,male,37,,0,0,1,2,0,2,1,0,0,0,0,,,,,,,,,,,,,,
2016,landings,4,male,39,,0,0,0,1,0,0,0,0,0,0,0,,,,,,,,,,,,,,
2016,landings,4,male,41,,0,0,0,0,0,0,0,0,0,0,0,,,,,,,,,,,,,,
2016,landings,4,male,43,,0,0,0,0,0,0,0,0,0,1,0,,,,,,,,,,,,,,
2017,landings,1,female,26,,,1,,,,,,,,,,,,,,,,,,,,,,,
2017,landings,1,female,27,,,4,3,,1,,,,,,,,,,,,,,,,,,,,
2017,landings,1,female,28,,,4,6,1,,,,,,,,,,,,,,,,,,,,,
2017,landings,1,female,29,,1,3,8,2,,1,,,,,,,,,,,,,,,,,,,
2017,landings,1,female,30,,,3,14,4,,,,,,,,,,,,,,,,,,,,,
2017,landings,1,female,31,,1,4,15,5,,,,,,,,,,,,,,,,,,,,,
2017,landings,1,female,32,,,3,15,7,1,,,,,,,,,,,,,,,,,,,,
2017,landings,1,female,33,,,4,19,4,5,1,,,,,,,,,,,,,,,,,,,
2017,landings,1,female,34,,,,12,14,7,2,,,,,,,,,,,,,,,,,,,
2017,landings,1,female,35,,,,10,8,9,5,,,,,,,,,,,,,,,,,,,
2017,landings,1,female,36,,,1,7,7,7,4,2,1,,,,,,,,,,,,,,,,,
2017,landings,1,female,37,,,,5,9,4,5,3,3,,,,,,,,,,,,,,,,,
2017,landings,1,female,38,,,,6,4,5,9,3,2,,,,,,,,,,,,,,,,,
2017,landings,1,female,39,,,,5,2,4,5,3,3,1,,,,,,,,,,,,,,,,
2017,landings,1,female,40,,,,1,4,2,7,3,4,,2,,,,,,,,,,,,,,,
2017,landings,1,female,41,,,,,2,3,13,1,1,,1,,,,,,,,,,,,,,,
2017,landings,1,female,42,,,,,2,4,5,1,1,1,,,,,,,,,,,,,,,,
2017,landings,1,female,43,,,,,,4,6,,2,,,2,,,,,,,,,,,,,,
2017,landings,1,female,44,,,,,,4,2,6,3,,,,,,,,,,,,,,,,,
2017,landings,1,female,45,,,,,,2,1,3,4,1,1,,,,,,,,,,,,,,,
2017,landings,1,female,46,,,,,,,4,3,5,2,,,1,,,,,,,,,,,,,
2017,landings,1,female,47,,,,,,,4,2,3,,,,,,,,,,,,,,,,,
2017,landings,1,female,48,,,,,,1,3,2,5,,1,,,,1,,,,,,,,,,,
2017,landings,1,female,49,,,,,,,1,1,3,,2,1,,2,,,,,,,,,,,,
2017,landings,1,female,50,,,,,,,,,2,2,1,1,,,,,,,,1,,,,,,
2017,landings,1,female,51,,,,,,,,1,,,,2,1,3,1,,,,,,,,,,,
2017,landings,1,female,52,,,,,,,,,1,,,,1,,,,,,,,,,,,,
2017,landings,1,female,53,,,,,,,,,,3,2,,,,,,,,,,,,,,,
2017,landings,1,female,54,,,,,,,,,,,,,,,1,,,,,,,,,,,
2017,landings,1,female,55,,,,,,,,,1,,1,1,,,,,,,,,,,,,,
2017,landings,1,female,56,,,,,,,,,,,,,,,1,,1,,,,,,,,,
2017,landings,1,female,58,,,,,,,,,,,,,,1,1,,,,,,,,,,,1
2017,landings,1,female,59,,,,,,,,,,,,,,,1,,,,,,,,,,,
2017,landings,1,female,60,,,,,,,,,,,,,,,,,,,,,,1,,,,
2017,landings,1,female,65,,,,,,,,,,,,,,,1,,,,,,,,,,,
2017,landings,1,female,66,,,,,,,,,,,,,,,,,1,,,,,,,,,
2017,landings,1,male,26,,,1,2,,,,,,,,,,,,,,,,,,,,,,
2017,landings,1,male,27,,,1,1,2,,,,,,,,,,,,,,,,,,,,,
2017,landings,1,male,28,,,,3,,1,,,,,,,,,,,,,,,,,,,,
2017,landings,1,male,29,,,2,5,3,,,,,,,,,,,,,,,,,,,,,
2017,landings,1,male,30,,,1,6,1,1,1,,,,,,,,,,,,,,,,,,,
2017,landings,1,male,31,,,3,5,1,2,,,,,,,,,,,,,,,,,,,,
2017,landings,1,male,32,,,,5,4,,3,,,,,,,,,,,,,,,,,,,
2017,landings,1,male,33,,,,1,1,4,2,,1,,,,,,,,,,,,,,,,,
2017,landings,1,male,34,,,1,3,2,,2,,,,,,,,,,,,,,,,,,,
2017,landings,1,male,35,,,,,1,1,1,,,1,,,,,,,,,,,,,,,,
2017,landings,1,male,36,,,,1,,1,2,,1,,,,1,,,,,,,,,,,,,
2017,landings,1,male,37,,,,,,,1,,,,,,,,,,,,,,,,,,,
2017,landings,1,male,38,,,,1,,1,,,,,,1,,,,,,,,,,,,,,
2017,landings,1,male,39,,,,1,,,,2,1,,,,,,,,,,,,,,,,,
2017,landings,1,male,46,,,,,,,,,,,,1,,,,,,,,,,,,,,
2017,landings,2,male,25,,,,1,,,,,,,,,,,,,,,,,,,,,,
2017,landings,2,male,27,,,1,3,2,,,,,,,,,,,,,,,,,,,,,
2017,landings,2,male,28,,1,,5,1,,,,,,,,,,,,,,,,,,,,,
2017,landings,2,male,29,,,,2,2,1,1,,,,,,,,,,,,,,,,,,,
2017,landings,2,male,30,,,,5,2,,,,,,,,,,,,,,,,,,,,,
2017,landings,2,male,31,,,3,5,2,1,,1,,,,,,,,,,,,,,,,,,
2017,landings,2,male,32,,,4,5,2,3,,1,,,,,,,,,,,,,,,,,,
2017,landings,2,male,33,,,1,2,3,2,,1,,,1,,,,,,,,,,,,,,,
2017,landings,2,male,34,,,,4,,4,,,,,,,,,,,,,,,,,,,,
2017,landings,2,male,35,,,,,,2,1,,3,,1,1,,,,,,,,,,,,,,
2017,landings,2,male,36,,,,1,1,3,,,,1,1,,,,,,,,,,,,,,,
2017,landings,2,male,37,,,,,,1,,1,1,,,,,,,,,,,,,,,,,
2017,landings,2,male,38,,,,,,1,,,,,,,,,,,,,,,,,,,,
2017,landings,2,male,39,,,,,,1,2,,,,,,,,,,,,,,,,,,,
2017,landings,2,male,41,,,,,,,,1,,,,,,,,,,,,,,,,,,
2017,landings,2,male,43,,,,,,,,,,,,,,1,,,,,,,,,,,,
2017,landings,2,female,26,,1,,1,,,,,,,,,,,,,,,,,,,,,,
2017,landings,2,female,27,,,2,1,1,2,,,,,,,,,,,,,,,,,,,,
2017,landings,2,female,28,,2,2,11,1,,1,,,,,,,,,,,,,,,,,,,
2017,landings,2,female,29,,1,10,13,2,,,,,,,,,,,,,,,,,,,,,
2017,landings,2,female,30,,,4,28,4,1,,,,,,,,,,,,,,,,,,,,
2017,landings,2,female,31,,1,4,23,6,1,,,,,,,,,,,,,,,,,,,,
2017,landings,2,female,32,,,5,21,5,,,,,,,,,,,,,,,,,,,,,
2017,landings,2,female,33,,,3,18,7,1,1,2,,1,,,,,,,,,,,,,,,,
2017,landings,2,female,34,,,2,12,8,2,4,,,,,,,,,,,,,,,,,,,
2017,landings,2,female,35,,,,13,11,2,2,1,,,,,,,,,,,,,,,,,,
2017,landings,2,female,36,,,,10,7,5,3,3,,,,,,,,,,,,,,,,,,
2017,landings,2,female,37,,,,6,5,8,3,1,,,,,,,,,,,,,,,,,,
2017,landings,2,female,38,,,,,6,4,6,3,2,,,,,,,,,,,,,,,,,
2017,landings,2,female,39,,,,2,3,8,6,4,,,,,,,,,,,,,,,,,,
2017,landings,2,female,40,,,,,,6,4,5,2,,1,,,,,,,,,,,,,,,
2017,landings,2,female,41,,,,,,4,5,5,3,1,,,,,,,,,,,,,,,,
2017,landings,2,female,42,,,,,2,2,2,2,5,1,,1,,,,,,,,,,,,,,
2017,landings,2,female,43,,,,,,3,3,1,1,1,4,,,,,,,,,,,,,,,
2017,landings,2,female,44,,,,,,1,5,1,1,2,1,1,,,,,,,,,,,,,,
2017,landings,2,female,45,,,,,,,1,2,4,2,2,1,,,,,,,,,,,,,,
2017,landings,2,female,46,,,,,,,,1,2,,,1,,,,1,,,,,,,,,,
2017,landings,2,female,47,,,,,,,,,6,1,1,1,,,,,,,,,,,,,,
2017,landings,2,female,48,,,,,,,1,,2,1,,1,,,,1,,,,,,,,,,
2017,landings,2,female,49,,,,,,,,,4,,1,,1,,,,,,,,,,,,,
2017,landings,2,female,50,,,,,,,3,1,,,,,1,1,1,,,,,,,,,,,
2017,landings,2,female,51,,,,,,,,,2,,2,2,,,1,,,,,,,,,,,
2017,landings,2,female,52,,,,,,,,,2,,2,1,1,,,,,,,,,,,,,
2017,landings,2,female,53,,,,,,,,,,,,,1,,,2,,,,,,,,,,
2017,landings,2,female,54,,,,,,,,,,,,,,1,,,2,1,,,,,,,,
2017,landings,2,female,57,,,,,,,,,,,,1,,,,,,,,,,,,,,
2017,landings,2,female,60,,,,,,,,,,,,,,,,,,1,,,,,,,,
2017,landings,2,female,61,,,,,,,,,,,,,,,,,,,1,,,,,,,
2017,landings,3,female,26,,,2,,,,,,,,,,,,,,,,,,,,,,,
2017,landings,3,female,27,,,3,,,,,,,,,,,,,,,,,,,,,,,
2017,landings,3,female,28,,2,3,4,1,1,,,,,,,,,,,,,,,,,,,,
2017,landings,3,female,29,,2,4,8,1,,,,,,,,,,,,,,,,,,,,,
2017,landings,3,female,30,,3,3,10,3,2,,,,,,,,,,,,,,,,,,,,
2017,landings,3,female,31,,2,6,7,5,1,,,,,,,,,,,,,,,,,,,,
2017,landings,3,female,32,,1,8,16,3,,,,,,,,,,,,,,,,,,,,,
2017,landings,3,female,33,,,3,12,8,1,,,,,,,,,,,,,,,,,,,,
2017,landings,3,female,34,,,3,10,4,5,,,,,,,,,,,,,,,,,,,,
2017,landings,3,female,35,,,1,10,9,3,1,,,,,,,,,,,,,,,,,,,
2017,landings,3,female,36,,,1,13,9,4,1,,,,,,,,,,,,,,,,,,,
2017,landings,3,female,37,,,,5,7,7,2,,,,,,,,,,,,,,,,,,,
2017,landings,3,female,38,,,,6,8,6,4,,,,,,,,,,,,,,,,,,,
2017,landings,3,female,39,,,,3,5,1,3,2,,1,,,,,,,,,,,,,,,,
2017,landings,3,female,40,,,,2,1,1,5,3,,2,,,,,,,,,,,,,,,,
2017,landings,3,female,41,,,,1,,1,6,,,1,,1,,,,,,,,,,,,,,
2017,landings,3,female,42,,,,1,,2,5,,,,,,,,,,,,,,,,,,,
2017,landings,3,female,43,,,,,1,1,,5,,,,,,,,,,,,,,,,,,
2017,landings,3,female,44,,,,,,2,2,1,,,,,,,,,,,,,,,,,,
2017,landings,3,female,45,,,,,1,,,2,2,,,,,,,,,,,,,,,,,
2017,landings,3,female,46,,,,,,,,1,1,,1,,1,,,,,,,,,,,,,
2017,landings,3,female,47,,,,,,,,1,3,1,,,,,,,,,,,,,,,,
2017,landings,3,female,48,,,,,,,,,1,,,,,,,,,,,,,,,,,
2017,landings,3,female,49,,,,,,,1,,1,,,,,,,,,,,,,,,,,
2017,landings,3,female,51,,,,,,,,,,1,1,,,,,,,,,,,,,,,
2017,landings,3,female,52,,,,,,,,,,1,,,,,,,,,,,,,,,,
2017,landings,3,female,55,,,,,,,,1,,,,,,,1,,,,,,,,,,,
2017,landings,3,female,56,,,,,,,,1,,,,,,,,,,,,1,,,,,,
2017,landings,3,female,59,,,,,,,,,,,,1,,,,,,,,,,,,,,
2017,landings,3,male,25,,1,1,,,,,,,,,,,,,,,,,,,,,,,
2017,landings,3,male,26,,,2,,,,,,,,,,,,,,,,,,,,,,,
2017,landings,3,male,27,1,5,,,1,,,,,,,,,,,,,,,,,,,,,
2017,landings,3,male,28,1,1,2,3,1,,,,,,,,,,,,,,,,,,,,,
2017,landings,3,male,29,,1,4,3,2,,,,,,,,,,,,,,,,,,,,,
2017,landings,3,male,30,,,3,4,3,,,,1,,,,,,,,,,,,,,,,,
2017,landings,3,male,31,,,3,4,4,1,1,,2,,,,,,,,,,,,,,,,,
2017,landings,3,male,32,,,1,6,1,2,3,,,1,,,,,,,,,,,,,,,,
2017,landings,3,male,33,,,,1,,2,1,,,1,1,,,,,,,,,,,,,,,
2017,landings,3,male,34,,,,2,2,2,1,1,,,1,,,,,,,,,,,,,,,
2017,landings,3,male,35,,,1,1,2,1,1,,,,,,,,,,,,,,,,,,,
2017,landings,3,male,36,,,,,1,2,1,,,,,,,,,,,,,,,,,,,
2017,landings,3,male,37,,,,,1,,1,,1,,,,,,,,,,,,,,,,,
2017,landings,3,male,38,,,,,,1,,,,,,,,,,,,,,,,,,,,
2017,landings,3,male,41,,,,,1,,,,,,,,,,,,,,,,,,,,,
2017,landings,4,male,24,,,,,,,,,,,,,,,,,,,,,,,,,,
2017,landings,4,male,25,,,1,,,,,,,,,,,,,,,,,,,,,,,
2017,landings,4,male,26,,,,,,,,,,,,,,,,,,,,,,,,,,
2017,landings,4,male,27,,1,1,2,1,,,,,,,,,,,,,,,,,,,,,
2017,landings,4,male,28,,1,1,3,,,,,,,,,,,,,,,,,,,,,,
2017,landings,4,male,29,,1,1,5,3,2,,,,,,,,,,,,,,,,,,,,
2017,landings,4,male,30,,,2,8,1,3,,,,,,,,,,,,,,,,,,,,
2017,landings,4,male,31,,,2,3,6,2,,1,,,,,,,,,,,,,,,,,,
2017,landings,4,male,32,,,,4,6,5,2,,,,,,,,,,,,,,,,,,,
2017,landings,4,male,33,,1,,5,2,3,1,1,,,,,,,,,,,,,,,,,,
2017,landings,4,male,34,,1,,3,5,5,2,,,,,,,,,,,,,,,,,,,
2017,landings,4,male,35,,,2,2,2,5,3,1,,,,,,,,,,,,,,,,,,
2017,landings,4,male,36,,,,1,3,2,3,1,,,,,,,,,,,,,,,,,,
2017,landings,4,male,37,,,,,1,2,1,2,,,,,,,,,,,,,,,,,,
2017,landings,4,male,38,,,,,1,,,,,,,,,,,,,,,,,,,,,
2017,landings,4,male,39,,,,,,1,,1,,,,,,,,,,,,,,,,,,
2017,landings,4,male,40,,,,,,1,,1,,,,,,,,,,,,,,,,,,
2017,landings,4,male,41,,,,,,,3,,,,,,,,,,,,,,,,,,,
2017,landings,4,male,42,,,,,,1,,,,,,,,,,,,,,,,,,,,
2017,landings,4,female,25,,1,,,,,,,,,,,,,,,,,,,,,,,,
2017,landings,4,female,27,,,3,,,,,,,,,,,,,,,,,,,,,,,
2017,landings,4,female,28,,,3,3,1,,,,,,,,,,,,,,,,,,,,,
2017,landings,4,female,29,,,1,5,9,,,,,,,,,,,,,,,,,,,,,
2017,landings,4,female,30,,,2,10,7,1,,,,,,,,,,,,,,,,,,,,
2017,landings,4,female,31,,,4,8,9,1,,1,,,,,,,,,,,,,,,,,,
2017,landings,4,female,32,,3,4,10,7,1,,,,,,,,,,,,,,,,,,,,
2017,landings,4,female,33,,,2,14,6,2,,,,,,,,,,,,,,,,,,,,
2017,landings,4,female,34,,1,1,10,13,2,,,,,,,,,,,,,,,,,,,,
2017,landings,4,female,35,,,1,8,13,3,1,,,,,,,,,,,,,,,,,,,
2017,landings,4,female,36,,1,3,9,7,4,3,,,,,,,,,,,,,,,,,,,
2017,landings,4,female,37,,,1,4,9,10,1,,,,,,,,,,,,,,,,,,,
2017,landings,4,female,38,,,,7,6,10,,,,,,,,,,,,,,,,,,,,
2017,landings,4,female,39,,,1,8,4,4,2,1,,,,,,,,,,,,,,,,,,
2017,landings,4,female,40,,,,4,1,7,6,4,,,,,,,,,,,,,,,,,,
2017,landings,4,female,41,,,,1,4,6,5,3,1,,,,,,,,,,,,,,,,,
2017,landings,4,female,42,,,,2,2,6,3,2,,1,,,,,,,,,,,,,,,,
2017,landings,4,female,43,,,,1,2,5,3,4,,,1,,,,,,,,,,,,,,,
2017,landings,4,female,44,,,,1,,3,4,2,1,,,,,,,,,,,,,,,,,
2017,landings,4,female,45,,,,,,2,5,2,2,2,,,,,,,,,,,,,,,,
2017,landings,4,female,46,,,,,,2,1,3,4,1,,,,,,,,,,,,,,,,
2017,landings,4,female,47,,,,,,1,4,1,3,,,,,,,,,,,,,,,,,
2017,landings,4,female,48,,,,,,,3,4,,,,,,,,,,,,,,,,,,
2017,landings,4,female,49,,,,,1,1,1,4,1,,3,,,,,,,,,,,,,,,
2017,landings,4,female,50,,,,,,,2,2,1,1,,1,,,,,,,,,,,,,,
2017,landings,4,female,51,,,,,,,1,3,2,1,1,,,,,,,,,,,,,,,
2017,landings,4,female,52,,,,,,,3,,,1,,,,,,,,,,,,,,,,
2017,landings,4,female,53,,,,,,,,1,3,1,,,,,,,,,,,,,,,,
2017,landings,4,female,54,,,,,,,,1,1,,,,,,,,,,,,,,,,,
2017,landings,4,female,55,,,,,,,,,,,1,,,,,,,,,,,,,,,
2017,landings,4,female,58,,,,,,,,,,1,,,,,,,,,,,,,,,,
2017,landings,4,female,59,,,,,,,,,,1,,,,,,,,,,,,,,,,
2017,landings,4,female,65,,,,,,,,,,,,1,,,,,,,,,,,,,,
2017,discards,all,all,17,,1,,,,,,,,,,,,,,,,,,,,,,,,
2017,discards,all,all,18,,2,,,,,,,,,,,,,,,,,,,,,,,,
2017,discards,all,all,19,,5,,,,,,,,,,,,,,,,,,,,,,,,
2017,discards,all,all,20,,7,1,1,,,,,,,,,,,,,,,,,,,,,,
2017,discards,all,all,21,,5,5,,,,,,,,,,,,,,,,,,,,,,,
2017,discards,all,all,22,1,6,8,1,,,1,,,,,,,,,,,,,,,,,,,
2017,discards,all,all,23,,5,9,5,2,,,,,,,,,,,,,,,,,,,,,
2017,discards,all,all,24,,11,10,8,1,,,,,,,,,,,,,,,,,,,,,
2017,discards,all,all,25,,7,15,12,1,,,,,,,,,,,,,,,,,,,,,
2017,discards,all,all,26,,6,13,15,,2,,,,,,,,,,,,,,,,,,,,
2017,discards,all,all,27,,5,9,16,1,,,,,,,,,,,,,,,,,,,,,
2017,discards,all,all,28,,2,10,22,2,2,,,,,,,,,,,,,,,,,,,,
2017,discards,all,all,29,,2,9,18,2,2,1,,,,,,,,,,,,,,,,,,,
2017,discards,all,all,30,,,8,15,5,1,1,,,,,,,,,,,,,,,,,,,
2017,discards,all,all,31,,1,5,17,3,2,1,,,,,,,,,,,,,,,,,,,
2017,discards,all,all,32,,,1,7,2,2,,,,,,,,,,,,,,,,,,,,
2017,discards,all,all,33,,,,3,,3,,,,,,,,,,,,,,,,,,,,
2017,discards,all,all,34,,,,3,,1,,,,,,,,,,,,,,,,,,,,
2017,discards,all,all,35,,,,1,,,,1,,,,,,,,,,,,,,,,,,
2017,discards,all,all,36,,,,,1,,1,,,,,,,,,,,,,,,,,,,
2017,discards,all,all,37,,,,,,,1,,,,,,,,,,,,,,,,,,,
2017,discards,all,all,38,,,,,1,1,,,,,,,,,,,,,,,,,,,,
2017,discards,all,all,39,,,,,,,,1,,,,,,,,,,,,,,,,,,
2017,discards,all,all,40,,,,,,1,1,,,,,,,,,,,,,,,,,,,
2017,discards,all,all,41,,,,,,,1,,,,,,,,,,,,,,,,,,,
2017,discards,all,all,43,,,,,,,,1,,,,,,,,,,,,,,,,,,
2018,landings,1,female,23,,,,,,,,,,,,,,,,,,,,,,,,,,
2018,landings,1,female,25,,,,,,,1,,,,,,,,,,,,,,,,,,,
2018,landings,1,female,27,,,2,2,3,,,,,,,,,,,,,,,,,,,,,
2018,landings,1,female,29,,,3,9,9,3,1,,,,,,,,,,,,,,,,,,,
2018,landings,1,female,31,,,2,16,16,6,1,,1,,,,,,,,,,,,,,,,,
2018,landings,1,female,33,,,2,1,23,9,,,,,,,,,,,,,,,,,,,,
2018,landings,1,female,35,,,1,7,22,13,4,,1,,,,,,,,,,,,,,,,,
2018,landings,1,female,37,,,,3,15,13,7,2,2,,,,,,,,,,,,,,,,,
2018,landings,1,female,39,,,,,13,11,6,6,2,,,,,,,,,,,,,,,,,
2018,landings,1,female,41,,,,2,4,9,8,7,3,1,1,,,,,,,,,,,,,,,
2018,landings,1,female,43,,,,,2,3,9,12,3,,2,,,,,,,,,,,,,,,
2018,landings,1,female,45,,,,,3,2,6,8,4,1,2,,,,,,,,,,,,,,,
2018,landings,1,female,47,,,,,,2,3,2,6,1,2,2,,,,,,,,,,,,,,
2018,landings,1,female,49,,,,,,,2,2,3,5,,2,,,,,,,,,,,,,,
2018,landings,1,female,51,,,,,,,1,4,4,3,,,,,,,,,,,,,,,,
2018,landings,1,female,53,,,,,,1,3,1,1,2,1,1,,1,,,,,,,,,,,,
2018,landings,1,female,55,,,,,,,1,,,,1,,,,2,,,,,,,,,,,
2018,landings,1,female,57,,,,,,,,,,,,,,1,,,,,,,,,,,,
2018,landings,1,female,59,,,,,,,,,,,,1,,,,,,,,,,,,,,
2018,landings,1,female,61,,,,,,,,,,,,,,,,,,,,,,,,,,
2018,landings,1,female,63,,,,,,,,,,,,,,,,,,,,,,,,,,
2018,landings,1,female,65,,,,,,,,,,,,,,,,,,,,,,,,,,
2018,landings,1,male,23,,,,,,,,,,,,,,,,,,,,,,,,,,
2018,landings,1,male,25,,,,,,,,,,,,,,,,,,,,,,,,,,
2018,landings,1,male,27,,,1,2,1,1,,,,,,,,,,,,,,,,,,,,
2018,landings,1,male,29,,,4,6,2,1,,,,,,,,,,,,,,,,,,,,
2018,landings,1,male,31,,,3,7,5,1,,,,,,,,,,,,,,,,,,,,
2018,landings,1,male,33,,,1,2,5,1,1,,,1,,,,,,,,,,,,,,,,
2018,landings,1,male,35,,,,2,4,3,,,,,,1,,,,,,,,,,,,,,
2018,landings,1,male,37,,,,,3,2,1,1,,,,,,,,,,,,,,,,,,
2018,landings,1,male,39,,,,,3,1,,,2,,,,,,,,,,,,,,,,,
2018,landings,1,male,41,,,,,,1,,,,,,,,,,,,,,,,,,,,
2018,landings,1,male,43,,,,,,,,,,,,,,,,,,,,,,,,,,
2018,landings,1,male,45,,,,,,,,,,,,,,,,,,,,,,,,,,
2018,landings,1,male,47,,,,,,,,,,,,,,,,,,,,,,,,,,
2018,landings,1,male,49,,,,,,,,,,,,,,,,,,,,,,,,,,
2018,landings,1,male,51,,,,,,,,,,,,,,,,,,,,,,,,,,
2018,landings,1,male,53,,,,,,,,,,,,,,,,,,,,,,,,,,
2018,landings,1,male,55,,,,,,,,,,,,,,,,,,,,,,,,,,
2018,landings,1,male,57,,,,,,,,,,,,,,,,,,,,,,,,,,
2018,landings,1,male,59,,,,,,,,,,,,,,,,,,,,,,,,,,
2018,landings,1,male,61,,,,,,,,,,,,,,,,,,,,,,,,,,
2018,landings,1,male,63,,,,,,,,,,,,,,,,,,,,,,,,,,
2018,landings,1,male,65,,,,,,,,,,,,,,,,,,,,,,,,,,
2018,landings,2,female,23,,,,,,,,,,,,,,,,,,,,,,,,,,
2018,landings,2,female,25,,,2,1,,,,,,,,,,,,,,,,,,,,,,
2018,landings,2,female,27,,3,4,3,5,,,,,,,,,,,,,,,,,,,,,
2018,landings,2,female,29,,,4,7,14,3,,1,1,,,,,,,,,,,,,,,,,
2018,landings,2,female,31,,,4,18,13,6,,,,,,,,,,,,,,,,,,,,
2018,landings,2,female,33,,,2,5,26,15,2,,,,,,,,,,,,,,,,,,,
2018,landings,2,female,35,,1,2,5,22,11,3,,1,,,,,,,,,,,,,,,,,
2018,landings,2,female,37,,,,3,15,16,6,1,,,,,,,,,,,,,,,,,,
2018,landings,2,female,39,,,,2,8,14,7,4,2,1,,,,,,,,,,,,,,,,
2018,landings,2,female,41,,,,,7,2,7,8,1,1,,,,,,,,,,,,,,,,
2018,landings,2,female,43,,,,,1,3,1,7,2,,,,,,,,,,,,,,,,,
2018,landings,2,female,45,,,,,2,,2,4,3,,,,,,,,,,,,,,,,,
2018,landings,2,female,47,,,,,,3,3,2,2,,,,,,,,,,,,,,,,,
2018,landings,2,female,49,,,,,1,,1,4,6,1,3,1,,,,,,,,,,,,,,
2018,landings,2,female,51,,,,,,,3,2,2,,1,1,1,,2,,,,,,,,,,,
2018,landings,2,female,53,,,,,,,2,1,,,,,1,,,,,,,,,,,,,
2018,landings,2,female,55,,,,,,,,2,,,,,1,,,,,,,,,,,,,
2018,landings,2,female,57,,,,,,,,,1,,,,,1,1,,,,,,,,,,,
2018,landings,2,female,59,,,,,,,,,,1,,,,,,,,,,,,,,,,
2018,landings,2,female,61,,,,,,,,,,,,,,,,,,,,,,,,,,
2018,landings,2,female,63,,,,,,,,,,,,,,,,,,,,,,,,,,
2018,landings,2,female,65,,,,,,,,,,,1,,,,,,,,,,,,,,,
2018,landings,2,male,23,,,,,,,,,,,,,,,,,,,,,,,,,,
2018,landings,2,male,25,,,,,,,,,,,,,,,,,,,,,,,,,,
2018,landings,2,male,27,,,1,5,2,1,,,,,,,,,,,,,,,,,,,,
2018,landings,2,male,29,,,1,5,6,3,,,,,,,,,,,,,,,,,,,,
2018,landings,2,male,31,,1,,5,1,6,1,,,,,,,,,,,,,,,,,,,
2018,landings,2,male,33,,,1,3,7,5,4,5,,1,,,,,,,,,,,,,,,,
2018,landings,2,male,35,,,,2,4,3,5,2,1,,,,,,,,,,,,,,,,,
2018,landings,2,male,37,,,,,,5,2,3,1,,,,,,,,,,,,,,,,,
2018,landings,2,male,39,,,,,1,,1,2,,,,,,,,,,,,,,,,,,
2018,landings,2,male,41,,,,,,1,,,,,,,,,,,,,,,,,,,,
2018,landings,2,male,43,,,,,,,,,,,,,,,,,,,,,,,,,,
2018,landings,2,male,45,,,,,,1,,,,,,,,,,,,,,,,,,,,
2018,landings,2,male,47,,,,,,,,,,,,,,,,,,,,,,,,,,
2018,landings,2,male,49,,,,,,,,,,,,,,,,,,,,,,,,,,
2018,landings,2,male,51,,,,,,,,,,,,,,,,,,,,,,,,,,
2018,landings,2,male,53,,,,,,,,,,,,,,,,,,,,,,,,,,
2018,landings,2,male,55,,,,,,,,,,,,,,,,,,,,,,,,,,
2018,landings,2,male,57,,,,,,,,,,,,,,,,,,,,,,,,,,
2018,landings,2,male,59,,,,,,,,,,,,,,,,,,,,,,,,,,
2018,landings,2,male,61,,,,,,,,,,,,,,,,,,,,,,,,,,
2018,landings,2,male,63,,,,,,,,,,,,,,,,,,,,,,,,,,
2018,landings,2,male,65,,,,,,,,,,,,,,,,,,,,,,,,,,
2018,landings,3,female,23,,,,,,,,,,,,,,,,,,,,,,,,,,
2018,landings,3,female,25,,,3,2,,,,,,,,,,,,,,,,,,,,,,
2018,landings,3,female,27,,1,6,3,1,,,,,,,,,,,,,,,,,,,,,
2018,landings,3,female,29,,1,9,8,3,,,,,,,,,,,,,,,,,,,,,
2018,landings,3,female,31,,,1,9,11,1,1,,,,,,,,,,,,,,,,,,,
2018,landings,3,female,33,,,1,3,11,9,1,,,,,,,,,,,,,,,,,,,
2018,landings,3,female,35,,,1,4,9,6,3,,,,,,,,,,,,,,,,,,,
2018,landings,3,female,37,,,,2,7,9,3,1,1,,,,,,,,,,,,,,,,,
2018,landings,3,female,39,,,,1,5,9,4,,,,,,,,,,,,,,,,,,,
2018,landings,3,female,41,,,,,2,5,6,2,,1,,,,,,,,,,,,,,,,
2018,landings,3,female,43,,,,,,1,1,2,2,,,,,,,,,,,,,,,,,
2018,landings,3,female,45,,,,,,1,2,3,1,2,,,,,,,,,,,,,,,,
2018,landings,3,female,47,,,,,1,,3,1,,1,1,,,,,,,,,,,,,,,
2018,landings,3,female,49,,,,,,,1,2,2,1,,,,,,,,,,,,,,,,
2018,landings,3,female,51,,,,,,,,,,,,,,,,,,,,,,,,,,
2018,landings,3,female,53,,,,,,,,1,1,,,,,,,,,,,,,,,,,
2018,landings,3,female,55,,,,,,,,,,,,,,,,,,,,,,,,,,
2018,landings,3,female,57,,,,,,,,,,,,,,,,,,,,,,,,,,
2018,landings,3,female,59,,,,,,,,,,,,,,,,,,,,,,,,,,
2018,landings,3,female,61,,,,,,,,,,,,,,,,,,,,,,,,,,
2018,landings,3,female,63,,,,,,,,,,,,,,,,,,,,,,,,,,
2018,landings,3,female,65,,,,,,,,,,,,,,,,,,,,,,,,,,
2018,landings,3,male,23,,,2,,,,,,,,,,,,,,,,,,,,,,,
2018,landings,3,male,25,,,1,,,,,,,,,,,,,,,,,,,,,,,
2018,landings,3,male,27,,1,1,4,,,,,,,,,,,,,,,,,,,,,,
2018,landings,3,male,29,,2,1,2,1,,1,,,,,,,,,,,,,,,,,,,
2018,landings,3,male,31,,,,2,8,4,,,,1,,,,,,,,,,,,,,,,
2018,landings,3,male,33,,,,1,7,3,1,,,,,,,,,,,,,,,,,,,
2018,landings,3,male,35,,,,1,2,,1,1,,,,,,,,,,,,,,,,,,
2018,landings,3,male,37,,,,,1,,,,,,,,,,,,,,,,,,,,,
2018,landings,3,male,39,,,,1,,1,1,,,,,,,,,,,,,,,,,,,
2018,landings,3,male,41,,,,,,,,,,,,,,,,,,,,,,,,,,
2018,landings,3,male,43,,,,,1,,,,,,,,,,,,,,,,,,,,,
2018,landings,3,male,45,,,,,,,,,,,,,,,,,,,,,,,,,,
2018,landings,3,male,47,,,,,,,,,,,,,,,,,,,,,,,,,,
2018,landings,3,male,49,,,,,,,,,,,,,,,,,,,,,,,,,,
2018,landings,3,male,51,,,,,,,,,,,,,,,,,,,,,,,,,,
2018,landings,3,male,53,,,,,,,,,,,,,,,,,,,,,,,,,,
2018,landings,3,male,55,,,,,,,,,,,,,,,,,,,,,,,,,,
2018,landings,3,male,57,,,,,,,,,,,,,,,,,,,,,,,,,,
2018,landings,3,male,59,,,,,,,,,,,,,,,,,,,,,,,,,,
2018,landings,3,male,61,,,,,,,,,,,,,,,,,,,,,,,,,,
2018,landings,3,male,63,,,,,,,,,,,,,,,,,,,,,,,,,,
2018,landings,3,male,65,,,,,,,,,,,,,,,,,,,,,,,,,,
2018,landings,4,female,23,,,,,,,,,,,,,,,,,,,,,,,,,,
2018,landings,4,female,25,,,2,1,,,,,,,,,,,,,,,,,,,,,,
2018,landings,4,female,27,,2,7,6,,,1,,,,,,,,,,,,,,,,,,,
2018,landings,4,female,29,,,19,13,6,,,,,,,,,,,,,,,,,,,,,
2018,landings,4,female,31,,4,13,16,9,1,,,,,,,,,,,,,,,,,,,,
2018,landings,4,female,33,,1,5,1,17,4,1,,,,,,,,,,,,,,,,,,,
2018,landings,4,female,35,,,,12,2,1,2,2,,,,,,,,,,,,,,,,,,
2018,landings,4,female,37,,,1,11,17,9,5,4,,,,,,,,,,,,,,,,,,
2018,landings,4,female,39,,,,3,19,11,1,2,,,,,,,,,,,,,,,,,,
2018,landings,4,female,41,,,1,2,8,11,7,5,2,3,,1,1,,,,,,,,,,,,,
2018,landings,4,female,43,,,,2,7,9,4,6,4,2,,,,,,,,,,,,,,,,
2018,landings,4,female,45,,,,,2,7,9,11,6,,2,,,,,,,,,,,,,,,
2018,landings,4,female,47,,,,,1,5,6,7,3,2,1,,,,,,,,,,,,,,,
2018,landings,4,female,49,,,,,1,3,4,2,4,1,,,,,,,,,,,,,,,,
2018,landings,4,female,51,,,,,,1,2,4,2,2,,2,,,,,,,,,,,,,,
2018,landings,4,female,53,,,,,,,3,1,1,2,1,,1,1,1,,,,,,,,,,,
2018,landings,4,female,55,,,,,,,,,,1,,,1,,,,,,,,,,,,,
2018,landings,4,female,57,,,,,,,,,,,,,,,,,,,,,,,,,,
2018,landings,4,female,59,,,,,,,,,,,,,,,,,,,,,,,,,,
2018,landings,4,female,61,,,,,,,,,,,,,,,,,,,,,,,,,,
2018,landings,4,female,63,,,,,,,,,,,,,1,,,,,,,,,,,,,
2018,landings,4,female,65,,,,,,,,,,,,,,,,,,,,,,,,,,
2018,landings,4,male,23,,,,,,,,,,,,,,,,,,,,,,,,,,
2018,landings,4,male,25,,1,1,,,,,,,,,,,,,,,,,,,,,,,
2018,landings,4,male,27,,2,7,3,2,,,,,,,,,,,,,,,,,,,,,
2018,landings,4,male,29,,,1,4,2,,1,,,,,,,,,,,,,,,,,,,
2018,landings,4,male,31,,,3,4,5,,1,1,,,,,,,,,,,,,,,,,,
2018,landings,4,male,33,,,1,7,5,6,1,1,2,,,,,,,,,,,,,,,,,
2018,landings,4,male,35,,,,1,2,1,2,3,3,,1,,,,,,,,,,,,,,,
2018,landings,4,male,37,,,,,1,,3,3,4,1,,,,,,,,,,,,,,,,
2018,landings,4,male,39,,,,,,1,3,,,1,,,,,,,,,,,,,,,,
2018,landings,4,male,41,,,,,,,,,,1,,,,,,,,,,,,,,,,
2018,landings,4,male,43,,,,,,,,1,,,,,,,,,,,,,,,,,,
2018,landings,4,male,45,,,,,,,,,,,,,,,,,,,,,,,,,,
2018,landings,4,male,47,,,,,,,,,,,,,,,,,,,,,,,,,,
2018,landings,4,male,49,,,,,,,,,,,,,,,,,,,,,,,,,,
2018,landings,4,male,51,,,,,,,,,,,,,,,,,,,,,,,,,,
2018,landings,4,male,53,,,,,,,,,,,,,,,,,,,,,,,,,,
2018,landings,4,male,55,,,,,,,,,,,,,,,,,,,,,,,,,,
2018,landings,4,male,57,,,,,,,,,,,,,,,,,,,,,,,,,,
2018,landings,4,male,59,,,,,,,,,,,,,,,,,,,,,,,,,,
2018,landings,4,male,61,,,,,,,,,,,,,,,,,,,,,,,,,,
2018,landings,4,male,63,,,,,,,,,,,,,,,,,,,,,,,,,,
2018,landings,4,male,65,,,,,,,,,,,,,,,,,,,,,,,,,,
2019,landings,1,female,21,,,,,,,,,,,,,,,,,,,,,,,,,,
2019,landings,1,female,23,,,,,,,,,,,,,,,,,,,,,,,,,,
2019,landings,1,female,25,,,,,,,,,,,,,,,,,,,,,,,,,,
2019,landings,1,female,27,,,6,11,3,,1,,,,2,,,,,,,,,,,,,,,
2019,landings,1,female,29,,,5,17,19,6,,,1,1,,,,,,,,,,,,,,,,
2019,landings,1,female,31,,1,5,21,16,11,,1,,,,,,,,,,,,,,,,,,
2019,landings,1,female,33,,,2,14,25,14,2,1,3,,,,,,,,,,,,,,,,,
2019,landings,1,female,35,,,1,7,12,23,2,3,1,,,,,,,,,,,,,,,,,
2019,landings,1,female,37,,,,,10,28,5,3,2,1,,,,,,,,,,,,,,,,
2019,landings,1,female,39,,,,5,3,22,13,4,3,1,,,,,,,,,,,,,,,,
2019,landings,1,female,41,,,,,3,11,9,5,7,3,2,1,,,,,,,,,,,,,,
2019,landings,1,female,43,,,,,1,9,6,8,8,2,,,1,,,,,,,,,,,,,
2019,landings,1,female,45,,,,,2,3,4,14,5,4,2,,,,,,,,,,,,,,,
2019,landings,1,female,47,,,,,,4,4,6,9,3,4,1,1,,,,,,,,,,,,,
2019,landings,1,female,49,,,,,3,,2,4,7,6,3,,,1,,,,,,,,,,,,
2019,landings,1,female,51,,,,,1,,1,4,4,6,,,,,,,,,,,,,,,,
2019,landings,1,female,53,,,,,,,,4,3,2,3,,,1,,,,,,,,,,,,
2019,landings,1,female,55,,,,,,,,,,2,2,1,,1,,,,,,,,,,,,
2019,landings,1,female,57,,,,,,,,,1,,,,1,1,,,,,,,,,,,,
2019,landings,1,female,59,,,,,,,,,1,,,,,,,,,,,,,,,,,
2019,landings,1,female,61,,,,,,,,,,,,1,,,,,,,,,,,,,,
2019,landings,1,female,63,,,,,,,,,,,,,,,,,,,,,,,,,,
2019,landings,1,female,65,,,,,,,,,,,,,,,,,,,,,,,,,,
2019,landings,1,female,67,,,,,,,,,,,,,,,,,,,,,,,,,,
2019,landings,1,male,21,,,,,,,,,,,,,,,,,,,,,,,,,,
2019,landings,1,male,23,,,,,,,,,,,,,,,,,,,,,,,,,,
2019,landings,1,male,25,,,,,,,,,,,,,,,,,,,,,,,,,,
2019,landings,1,male,27,,,,4,,,,,,,,,,,,,,,,,,,,,,
2019,landings,1,male,29,,,2,4,3,4,,2,,,,,,,,,,,,,,,,,,
2019,landings,1,male,31,,,2,4,6,4,,,,,,,,,,,,,,,,,,,,
2019,landings,1,male,33,,,,1,2,8,4,,,,,,,,,,,,,,,,,,,
2019,landings,1,male,35,,,,1,3,4,2,1,1,,,,,,,,,,,,,,,,,
2019,landings,1,male,37,,,,,,3,1,,1,1,,,,,,,,,,,,,,,,
2019,landings,1,male,39,,,,,,,1,2,1,,,,,,,,,,,,,,,,,
2019,landings,1,male,41,,,,,,,1,,,1,,,,,,,,,,,,,,,,
2019,landings,1,male,43,,,,,,,,,,,,,,,,,,,,,,,,,,
2019,landings,1,male,45,,,,,,,,,,,,,,,,,,,,,,,,,,
2019,landings,1,male,47,,,,,,,,,,,,,,,,,,,,,,,,,,
2019,landings,1,male,49,,,,,,,,,,,,,,,,,,,,,,,,,,
2019,landings,1,male,51,,,,,,,,,,,,,,,,,,,,,,,,,,
2019,landings,1,male,53,,,,,,,,,,,,,,,,,,,,,,,,,,
2019,landings,1,male,55,,,,,,,,,,,,,,,,,,,,,,,,,,
2019,landings,1,male,57,,,,,,,,,,,,,,,,,,,,,,,,,,
2019,landings,1,male,59,,,,,,,,,,,,,,,,,,,,,,,,,,
2019,landings,1,male,61,,,,,,,,,,,,,,,,,,,,,,,,,,
2019,landings,1,male,63,,,,,,,,,,,,,,,,,,,,,,,,,,
2019,landings,1,male,65,,,,,,,,,,,,,,,,,,,,,,,,,,
2019,landings,1,male,67,,,,,,,,,,,,,,,,,,,,,,,,,,
2019,landings,2,female,21,,,,,,,,,,,,,,,,,,,,,,,,,,
2019,landings,2,female,23,,,,,,,,,,,,,,,,,,,,,,,,,,
2019,landings,2,female,25,,2,,1,,,,,,,,,,,,,,,,,,,,,,
2019,landings,2,female,27,,2,10,8,8,2,,,,,,,,,,,,,,,,,,,,
2019,landings,2,female,29,,3,8,13,7,3,,,,,,,,,,,,,,,,,,,,
2019,landings,2,female,31,,1,6,12,8,7,2,,,,,,,,,,,,,,,,,,,
2019,landings,2,female,33,,,9,6,12,11,1,,,,,,,,,,,,,,,,,,,
2019,landings,2,female,35,,,2,5,12,16,6,,,,,,,,,,,,,,,,,,,
2019,landings,2,female,37,,,1,,13,15,6,1,1,,,,,,,,,,,,,,,,,
2019,landings,2,female,39,,,1,1,9,13,12,5,2,1,1,,,,,,,,,,,,,,,
2019,landings,2,female,41,,,,,2,9,8,10,4,1,,,,,,,,,,,,,,,,
2019,landings,2,female,43,,,,,1,5,9,6,4,3,,,,,,,,,,,,,,,,
2019,landings,2,female,45,,,,,1,3,5,6,4,2,2,1,,,,,,,,,,,,,,
2019,landings,2,female,47,,,,,1,2,4,5,5,1,,,,,,,,,,,,,,,,
2019,landings,2,female,49,,,,,,2,3,4,2,1,1,,,,,,,,,,,,,,,
2019,landings,2,female,51,,,,,,1,1,4,4,,1,1,,,,,,,,,,,,,,
2019,landings,2,female,53,,,,,,,2,1,,2,,,1,,,,,,,,,,,,,
2019,landings,2,female,55,,,,,,,,2,,1,1,,,,,,,,,,,,,,,
2019,landings,2,female,57,,,,,,,,1,,2,,1,,,1,,,,,,,,,,,
2019,landings,2,female,59,,,,,,,,,1,1,1,,1,,,,,,,,,,,,,
2019,landings,2,female,61,,,,,,,,,,2,,1,,,,,,,,,,,,,,
2019,landings,2,female,63,,,,,,,,,,1,,,,,,,,,,,,,,,,
2019,landings,2,female,65,,,,,,,,,,,,,1,,,,,,,,,,,,,
2019,landings,2,female,67,,,,,,,,,,,,,1,,,,,,,,,,,,,
2019,landings,2,male,21,,,,,,,,,,,,,,,,,,,,,,,,,,
2019,landings,2,male,23,,,,,,,,,,,,,,,,,,,,,,,,,,
2019,landings,2,male,25,,,,1,,,,,,,,,,,,,,,,,,,,,,
2019,landings,2,male,27,,2,3,4,2,,,,,,,,,,,,,,,,,,,,,
2019,landings,2,male,29,,1,4,8,1,2,,1,,,,,,,,,,,,,,,,,,
2019,landings,2,male,31,,2,8,2,6,3,,1,1,,,,,,,,,,,,,,,,,
2019,landings,2,male,33,,,2,,7,3,4,1,1,,,,,,,,,,,,,,,,,
2019,landings,2,male,35,,,,4,2,6,3,,1,,,,,,,,,,,,,,,,,
2019,landings,2,male,37,,,,,3,3,1,3,2,,,,,,,,,,,,,,,,,
2019,landings,2,male,39,,,,1,2,2,,,1,,,,,,,,,,,,,,,,,
2019,landings,2,male,41,,,,,1,1,2,1,1,1,,,,,,,,,,,,,,,,
2019,landings,2,male,43,,,,,,,,,,,,,,,,,,,,,,,,,,
2019,landings,2,male,45,,,,,,,,,,,,,,,,,,,,,,,,,,
2019,landings,2,male,47,,,,,,,,,,,,,,,,,,,,,,,,,,
2019,landings,2,male,49,,,,,,,,,,,,,,,,,,,,,,,,,,
2019,landings,2,male,51,,,,,,,,,,,,,,,,,,,,,,,,,,
2019,landings,2,male,53,,,,,,,,,,,,,,,,,,,,,,,,,,
2019,landings,2,male,55,,,,,,,,,,,,,,,,,,,,,,,,,,
2019,landings,2,male,57,,,,,,,,,,,,,,,,,,,,,,,,,,
2019,landings,2,male,59,,,,,,,,,,,,,,,,,,,,,,,,,,
2019,landings,2,male,61,,,,,,,,,,,,,,,,,,,,,,,,,,
2019,landings,2,male,63,,,,,,,,,,,,,,,,,,,,,,,,,,
2019,landings,2,male,65,,,,,,,,,,,,,,,,,,,,,,,,,,
2019,landings,2,male,67,,,,,,,,,,,,,,,,,,,,,,,,,,
2019,landings,3,female,21,,,,,,,,,,,,,,,,,,,,,,,,,,
2019,landings,3,female,23,,,,,,,,,,,,,,,,,,,,,,,,,,
2019,landings,3,female,25,,3,2,1,,,,,,,,,,,,,,,,,,,,,,
2019,landings,3,female,27,,4,7,8,2,2,,,,,,,,,,,,,,,,,,,,
2019,landings,3,female,29,,2,26,13,4,2,,,,,,,,,,,,,,,,,,,,
2019,landings,3,female,31,,3,12,21,9,3,,,,,,,,,,,,,,,,,,,,
2019,landings,3,female,33,,,10,13,10,9,1,,,,,,,,,,,,,,,,,,,
2019,landings,3,female,35,,1,1,13,13,15,1,,,,,,,,,,,,,,,,,,,
2019,landings,3,female,37,,,4,8,10,14,5,,,,,,,,,,,,,,,,,,,
2019,landings,3,female,39,,,1,1,12,17,6,1,2,1,,,,,,,,,,,,,,,,
2019,landings,3,female,41,,,,2,8,9,8,4,5,3,1,,,,,,,,,,,,,,,
2019,landings,3,female,43,,,,,2,5,11,7,2,5,1,,,,,,,,,,,,,,,
2019,landings,3,female,45,,,,,2,2,6,4,7,5,1,,,,,,,,,,,,,,,
2019,landings,3,female,47,,,,,1,1,2,6,4,5,1,2,1,,,,,,,,,,,,,
2019,landings,3,female,49,,,,,,,1,3,7,2,2,1,,1,1,,,,,,,,,,,
2019,landings,3,female,51,,,,,,,2,1,5,4,3,3,,,,,,,,,,,,,,
2019,landings,3,female,53,,,,,,,,4,1,4,,,,1,1,,,,,,,,,,,
2019,landings,3,female,55,,,,,,,,,1,,2,,1,2,,,,,,,,,,,,
2019,landings,3,female,57,,,,,,,,,1,,,,2,,3,,,,,,,,,,,
2019,landings,3,female,59,,,,,,,,,,,,,1,,,,,,,,,,,,,
2019,landings,3,female,61,,,,,,,,,,,,,,,,,,,,,,,,,,
2019,landings,3,female,63,,,,,,,,,,,,,,,,,,,,,,,,,,
2019,landings,3,female,65,,,,,,,,,,,,,,,,,,,,,,,,,,
2019,landings,3,female,67,,,,,,,,,,,,,,,,,,,,,,,,,,
2019,landings,3,male,21,1,,,,,,,,,,,,,,,,,,,,,,,,,
2019,landings,3,male,23,,1,1,,,,,,,,,,,,,,,,,,,,,,,
2019,landings,3,male,25,,2,3,,,,,,,,,,,,,,,,,,,,,,,
2019,landings,3,male,27,,5,6,4,1,2,,,,,,,,,,,,,,,,,,,,
2019,landings,3,male,29,,1,5,6,2,5,1,,,,,,,,,,,,,,,,,,,
2019,landings,3,male,31,,,3,6,5,4,1,3,1,,,,,,,,,,,,,,,,,
2019,landings,3,male,33,,1,,4,8,4,6,1,,,,,,,,,,,,,,,,,,
2019,landings,3,male,35,,,,1,4,7,1,,1,1,1,,,,,,,,,,,,,,,
2019,landings,3,male,37,,,,1,1,,4,,1,1,1,,,,,,,,,,,,,,,
2019,landings,3,male,39,,,,,1,1,,,2,,,,,,,,,,,,,,,,,
2019,landings,3,male,41,,,,,,1,1,2,,,1,,,,,,,,,,,,,,,
2019,landings,3,male,43,,,,,,,2,,,,,,,,,,,,,,,,,,,
2019,landings,3,male,45,,,,,,,,1,,,,,,,,,,,,,,,,,,
2019,landings,3,male,47,,,,,,,,,,,,,,,,,,,,,,,,,,
2019,landings,3,male,49,,,,,,,,,,,,,,,,,,,,,,,,,,
2019,landings,3,male,51,,,,,,,,,,,,,,,,,,,,,,,,,,
2019,landings,3,male,53,,,,,,,,,,,,,,,,,,,,,,,,,,
2019,landings,3,male,55,,,,,,,,,,,,,,,,,,,,,,,,,,
2019,landings,3,male,57,,,,,,,,,,,,,,,,,,,,,,,,,,
2019,landings,3,male,59,,,,,,,,,,,,,,,,,,,,,,,,,,
2019,landings,3,male,61,,,,,,,,,,,,,,,,,,,,,,,,,,
2019,landings,3,male,63,,,,,,,,,,,,,,,,,,,,,,,,,,
2019,landings,3,male,65,,,,,,,,,,,,,,,,,,,,,,,,,,
2019,landings,3,male,67,,,,,,,,,,,,,,,,,,,,,,,,,,
2019,landings,4,female,21,,,,,,,,,,,,,,,,,,,,,,,,,,
2019,landings,4,female,23,,,,,,,,,,,,,,,,,,,,,,,,,,
2019,landings,4,female,25,,,1,,,,,,,,,,,,,,,,,,,,,,,
2019,landings,4,female,27,,3,5,4,,1,,,,,,,,,,,,,,,,,,,,
2019,landings,4,female,29,,7,13,11,3,,,,,,,,,,,,,,,,,,,,,
2019,landings,4,female,31,,1,19,20,5,1,1,,,,,,,,,,,,,,,,,,,
2019,landings,4,female,33,,1,11,12,18,2,,,,,,,,,,,,,,,,,,,,
2019,landings,4,female,35,,,6,9,18,11,2,,,,,,,,,,,,,,,,,,,
2019,landings,4,female,37,,,1,8,15,10,5,1,1,,,,,,,,,,,,,,,,,
2019,landings,4,female,39,,,,2,10,16,8,4,1,,,,,,,,,,,,,,,,,
2019,landings,4,female,41,,,,,4,17,9,4,1,2,,,,,,,,,,,,,,,,
2019,landings,4,female,43,,,,,3,11,9,4,6,2,,,,,,,,,,,,,,,,
2019,landings,4,female,45,,,,,2,5,4,8,2,2,,,1,,,,,,,,,,,,,
2019,landings,4,female,47,,,,,,,1,8,5,4,,,1,,,,,,,,,,,,,
2019,landings,4,female,49,,,,,1,1,1,4,6,2,,1,,,,,,,,,,,,,,
2019,landings,4,female,51,,,,,,,1,2,2,1,,,,,,,,,,,,,,,,
2019,landings,4,female,53,,,,,,1,,1,3,1,,,1,1,1,,,,,,,,,,,
2019,landings,4,female,55,,,,,1,,,,3,,1,,,,,,,,,,,,,,,
2019,landings,4,female,57,,,,,,,,,,1,1,,,,,,,,,,,,,,,
2019,landings,4,female,59,,,,,,,,,,,,,,,1,,,,,,,,,,,
2019,landings,4,female,61,,,,,,,,,,,,,,,,,,,,,,,,,,
2019,landings,4,female,63,,,,,,,,,,,,,,,,,,,,,,,,,,
2019,landings,4,female,65,,,,,,,,,,,,,,,,,,,,,,,,,,
2019,landings,4,female,67,,,,,,,,,,,,,,,,,,,,,,,,,,
2019,landings,4,male,21,,,,1,,,,,,,,,,,,,,,,,,,,,,
2019,landings,4,male,23,,,,,,,,,,,,,,,,,,,,,,,,,,
2019,landings,4,male,25,,,,,,,,,,,,,,,,,,,,,,,,,,
2019,landings,4,male,27,,4,5,6,,,,,,,,,,,,,,,,,,,,,,
2019,landings,4,male,29,,3,12,11,5,,1,,,,,,,,,,,,,,,,,,,
2019,landings,4,male,31,,3,8,12,8,2,1,,,,,,,,,,,,,,,,,,,
2019,landings,4,male,33,,,3,4,8,5,2,2,5,,,,,,,,,,,,,,,,,
2019,landings,4,male,35,,,2,2,2,1,3,4,6,,1,,,,,,,,,,,,,,,
2019,landings,4,male,37,,,,1,1,5,4,2,1,,,,,,,,,,,,,,,,,
2019,landings,4,male,39,,,,,1,1,,1,1,1,1,,,,,,,,,,,,,,,
2019,landings,4,male,41,,,,,,1,,,,,,,,,,,,,,,,,,,,
2019,landings,4,male,43,,,,,,1,1,,,,,,,,,,,,,,,,,,,
2019,landings,4,male,45,,,,,,,,,,,,,,,,,,,,,,,,,,
2019,landings,4,male,47,,,,,,,,,,,,,,,,,,,,,,,,,,
2019,landings,4,male,49,,,,,,,,,,,,,,,,,,,,,,,,,,
2019,landings,4,male,51,,,,,,,,,,,,,,,,,,,,,,,,,,
2019,landings,4,male,53,,,,,,,,,,,,,,,,,,,,,,,,,,
2019,landings,4,male,55,,,,,,,,,,,,,,,,,,,,,,,,,,
2019,landings,4,male,57,,,,,,,,,,,,,,,,,,,,,,,,,,
2019,landings,4,male,59,,,,,,,,,,,,,,,,,,,,,,,,,,
2019,landings,4,male,61,,,,,,,,,,,,,,,,,,,,,,,,,,
2019,landings,4,male,63,,,,,,,,,,,,,,,,,,,,,,,,,,
2019,landings,4,male,65,,,,,,,,,,,,,,,,,,,,,,,,,,
2019,landings,4,male,67,,,,,,,,,,,,,,,,,,,,,,,,,,
2020,landings,1,female,25,,0,1,0,1,0,0,0,0,0,0,0,0,0,0,,,,,,,,,,,
2020,landings,1,female,27,,3,3,5,4,0,0,0,0,0,0,0,0,0,0,,,,,,,,,,,
2020,landings,1,female,29,,4,8,12,3,5,0,0,0,0,0,0,0,0,0,,,,,,,,,,,
2020,landings,1,female,31,,2,9,11,10,3,2,1,0,0,0,0,0,0,0,,,,,,,,,,,
2020,landings,1,female,33,,1,4,12,17,8,2,0,0,0,0,0,0,0,0,,,,,,,,,,,
2020,landings,1,female,35,,0,2,2,7,15,8,1,0,0,0,0,0,0,0,,,,,,,,,,,
2020,landings,1,female,37,,0,0,2,9,8,9,6,1,0,0,0,0,0,0,,,,,,,,,,,
2020,landings,1,female,39,,0,1,0,4,6,8,3,4,1,0,0,0,0,0,,,,,,,,,,,
2020,landings,1,female,41,,0,0,0,2,2,5,8,2,2,3,0,0,0,0,,,,,,,,,,,
2020,landings,1,female,43,,0,0,0,2,2,5,3,3,2,1,0,0,0,1,,,,,,,,,,,
2020,landings,1,female,45,,0,0,0,1,1,7,6,1,3,0,2,0,0,0,,,,,,,,,,,
2020,landings,1,female,47,,0,0,0,1,0,7,2,2,2,0,1,0,0,0,,,,,,,,,,,
2020,landings,1,female,49,,0,0,0,0,0,2,2,1,5,3,0,0,0,0,,,,,,,,,,,
2020,landings,1,female,51,,0,0,0,0,0,3,3,0,2,0,1,0,0,0,,,,,,,,,,,
2020,landings,1,female,53,,0,0,0,0,0,0,3,2,1,0,0,0,0,0,,,,,,,,,,,
2020,landings,1,female,55,,0,0,0,0,0,0,0,0,1,1,1,1,0,0,,,,,,,,,,,
2020,landings,1,female,57,,0,0,0,0,0,0,0,0,1,1,0,0,0,0,,,,,,,,,,,
2020,landings,1,female,59,,0,0,0,0,0,0,0,0,0,0,0,0,0,0,,,,,,,,,,,
2020,landings,1,female,61,,0,0,0,0,0,0,0,0,0,0,0,1,0,0,,,,,,,,,,,
2020,landings,1,female,63,,0,0,0,0,0,0,0,0,0,0,0,1,0,0,,,,,,,,,,,
2020,landings,1,male,25,,0,1,0,0,0,0,0,,,,,,,,,,,,,,,,,,
2020,landings,1,male,27,,1,1,2,1,0,0,0,,,,,,,,,,,,,,,,,,
2020,landings,1,male,29,,1,4,7,0,2,0,0,,,,,,,,,,,,,,,,,,
2020,landings,1,male,31,,2,4,3,0,4,0,1,,,,,,,,,,,,,,,,,,
2020,landings,1,male,33,,0,1,3,3,0,1,0,,,,,,,,,,,,,,,,,,
2020,landings,1,male,35,,0,0,1,2,2,1,1,,,,,,,,,,,,,,,,,,
2020,landings,1,male,37,,0,0,0,0,1,0,0,,,,,,,,,,,,,,,,,,
2020,landings,2,female,25,,4,1,1,0,0,0,0,0,0,0,0,,,,,,,,,,,,,,
2020,landings,2,female,27,,6,13,3,2,0,1,0,0,0,1,0,,,,,,,,,,,,,,
2020,landings,2,female,29,,8,16,13,4,1,0,1,2,0,0,0,,,,,,,,,,,,,,
2020,landings,2,female,31,,2,10,17,9,2,1,1,2,0,0,0,,,,,,,,,,,,,,
2020,landings,2,female,33,,2,11,10,11,4,2,1,0,1,0,0,,,,,,,,,,,,,,
2020,landings,2,female,35,,0,3,5,9,7,5,0,0,0,0,0,,,,,,,,,,,,,,
2020,landings,2,female,37,,0,0,3,12,9,3,2,0,0,0,0,,,,,,,,,,,,,,
2020,landings,2,female,39,,0,0,3,6,4,5,0,0,0,0,0,,,,,,,,,,,,,,
2020,landings,2,female,41,,0,0,0,0,2,10,3,2,0,0,0,,,,,,,,,,,,,,
2020,landings,2,female,43,,0,0,0,2,3,6,2,2,1,0,0,,,,,,,,,,,,,,
2020,landings,2,female,45,,0,0,0,0,2,2,1,2,2,0,0,,,,,,,,,,,,,,
2020,landings,2,female,47,,0,0,0,1,0,0,5,2,0,2,1,,,,,,,,,,,,,,
2020,landings,2,female,49,,0,0,0,0,0,1,1,0,7,2,0,,,,,,,,,,,,,,
2020,landings,2,female,51,,0,0,0,0,0,1,0,4,0,0,0,,,,,,,,,,,,,,
2020,landings,2,female,53,,0,0,0,0,1,1,1,1,2,0,0,,,,,,,,,,,,,,
2020,landings,2,female,55,,0,0,0,0,0,0,2,3,0,2,0,,,,,,,,,,,,,,
2020,landings,2,female,57,,0,0,0,0,0,0,0,0,0,0,0,,,,,,,,,,,,,,
2020,landings,2,female,59,,0,0,0,0,0,0,0,0,0,0,1,,,,,,,,,,,,,,
2020,landings,2,male,25,,0,1,0,0,0,0,0,0,0,0,0,,,,,,,,,,,,,,
2020,landings,2,male,27,,1,9,1,2,1,0,0,0,0,0,0,,,,,,,,,,,,,,
2020,landings,2,male,29,,2,2,5,0,0,1,0,0,0,1,1,,,,,,,,,,,,,,
2020,landings,2,male,31,,1,0,3,3,1,3,1,0,1,0,0,,,,,,,,,,,,,,
2020,landings,2,male,33,,0,1,1,1,2,0,2,0,1,0,0,,,,,,,,,,,,,,
2020,landings,2,male,35,,0,0,0,1,1,0,1,0,0,0,0,,,,,,,,,,,,,,
2020,landings,2,male,37,,0,0,0,0,0,0,0,1,0,0,0,,,,,,,,,,,,,,
2020,landings,2,male,39,,0,0,0,1,0,0,0,0,0,0,0,,,,,,,,,,,,,,
2020,landings,3,female,25,,6,2,0,0,0,0,0,0,0,0,0,0,,,,,,,,,,,,,
2020,landings,3,female,27,,16,18,3,1,0,0,0,0,0,0,0,0,,,,,,,,,,,,,
2020,landings,3,female,29,,17,22,11,4,0,0,0,0,0,0,0,0,,,,,,,,,,,,,
2020,landings,3,female,31,,8,14,26,5,1,0,0,0,0,0,0,0,,,,,,,,,,,,,
2020,landings,3,female,33,,6,13,20,15,2,1,0,0,0,0,0,0,,,,,,,,,,,,,
2020,landings,3,female,35,,2,8,12,15,11,2,0,0,0,0,0,0,,,,,,,,,,,,,
2020,landings,3,female,37,,0,3,9,12,14,7,1,1,0,0,0,0,,,,,,,,,,,,,
2020,landings,3,female,39,,0,0,2,11,18,4,5,2,2,0,0,0,,,,,,,,,,,,,
2020,landings,3,female,41,,0,0,0,7,10,16,3,0,1,1,0,0,,,,,,,,,,,,,
2020,landings,3,female,43,,0,0,0,3,9,12,6,1,0,0,1,0,,,,,,,,,,,,,
2020,landings,3,female,45,,0,2,1,1,5,7,2,4,2,1,1,0,,,,,,,,,,,,,
2020,landings,3,female,47,,0,0,0,0,3,3,9,2,2,2,0,1,,,,,,,,,,,,,
2020,landings,3,female,49,,0,0,0,0,1,2,1,2,4,5,1,0,,,,,,,,,,,,,
2020,landings,3,female,51,,0,0,0,0,1,2,3,2,2,1,1,0,,,,,,,,,,,,,
2020,landings,3,female,53,,0,0,0,0,0,0,0,3,1,4,1,0,,,,,,,,,,,,,
2020,landings,3,female,55,,0,0,0,0,0,0,1,0,0,2,0,0,,,,,,,,,,,,,
2020,landings,3,female,57,,0,0,0,0,0,1,0,1,0,0,1,0,,,,,,,,,,,,,
2020,landings,3,female,59,,0,0,0,0,0,0,0,0,1,1,0,0,,,,,,,,,,,,,
2020,landings,3,male,25,0,1,0,1,0,0,0,0,0,0,0,,,,,,,,,,,,,,,
2020,landings,3,male,27,1,6,3,0,0,0,0,0,0,0,0,,,,,,,,,,,,,,,
2020,landings,3,male,29,0,6,5,6,3,2,1,0,0,1,0,,,,,,,,,,,,,,,
2020,landings,3,male,31,0,4,4,4,3,2,7,1,0,0,0,,,,,,,,,,,,,,,
2020,landings,3,male,33,0,1,1,4,5,4,2,1,1,0,0,,,,,,,,,,,,,,,
2020,landings,3,male,35,0,0,0,1,5,3,2,4,1,0,0,,,,,,,,,,,,,,,
2020,landings,3,male,37,0,0,0,1,1,1,2,0,1,1,3,,,,,,,,,,,,,,,
2020,landings,3,male,39,0,0,0,0,0,1,0,0,1,2,0,,,,,,,,,,,,,,,
2020,landings,3,male,41,0,0,0,0,0,0,0,2,0,1,0,,,,,,,,,,,,,,,
2020,landings,3,male,43,0,0,0,0,0,1,0,1,1,0,0,,,,,,,,,,,,,,,
2020,landings,3,male,45,0,0,0,0,0,0,0,1,0,0,0,,,,,,,,,,,,,,,
2020,landings,4,female,25,,2,2,1,0,0,0,0,0,0,0,0,0,,,,,,,,,,,,,
2020,landings,4,female,27,,12,10,4,2,0,1,0,1,0,0,0,0,,,,,,,,,,,,,
2020,landings,4,female,29,,16,22,10,1,0,0,0,0,0,0,0,0,,,,,,,,,,,,,
2020,landings,4,female,31,,6,23,9,6,1,1,0,0,0,0,0,0,,,,,,,,,,,,,
2020,landings,4,female,33,,3,10,18,9,4,2,0,0,1,0,0,0,,,,,,,,,,,,,
2020,landings,4,female,35,,1,11,21,6,7,1,0,0,0,0,0,0,,,,,,,,,,,,,
2020,landings,4,female,37,,0,4,10,13,10,6,0,0,1,1,0,0,,,,,,,,,,,,,
2020,landings,4,female,39,,0,1,6,9,18,8,0,0,0,0,0,0,,,,,,,,,,,,,
2020,landings,4,female,41,,0,0,1,4,13,9,4,1,1,0,0,0,,,,,,,,,,,,,
2020,landings,4,female,43,,0,1,0,2,7,12,5,1,1,0,0,0,,,,,,,,,,,,,
2020,landings,4,female,45,,0,0,0,2,4,11,6,4,4,0,0,0,,,,,,,,,,,,,
2020,landings,4,female,47,,0,0,0,2,3,3,4,5,3,2,1,0,,,,,,,,,,,,,
2020,landings,4,female,49,,0,0,1,0,0,5,4,8,0,2,0,1,,,,,,,,,,,,,
2020,landings,4,female,51,,0,0,0,0,0,1,1,4,5,1,0,0,,,,,,,,,,,,,
2020,landings,4,female,53,,0,0,0,0,1,1,0,2,0,0,0,0,,,,,,,,,,,,,
2020,landings,4,female,55,,0,0,0,0,0,0,2,1,0,0,0,0,,,,,,,,,,,,,
2020,landings,4,female,57,,0,0,0,0,0,0,0,0,0,0,0,0,,,,,,,,,,,,,
2020,landings,4,female,59,,0,0,0,0,0,0,1,0,0,0,0,0,,,,,,,,,,,,,
2020,landings,4,male,25,,1,1,0,0,0,0,0,0,0,,,,,,,,,,,,,,,,
2020,landings,4,male,27,,6,7,1,0,0,0,0,0,0,,,,,,,,,,,,,,,,
2020,landings,4,male,29,,5,8,2,0,1,0,1,0,0,,,,,,,,,,,,,,,,
2020,landings,4,male,31,,4,10,8,1,2,0,1,0,0,,,,,,,,,,,,,,,,
2020,landings,4,male,33,,3,7,4,4,4,1,3,0,0,,,,,,,,,,,,,,,,
2020,landings,4,male,35,,2,1,2,6,2,3,1,1,0,,,,,,,,,,,,,,,,
2020,landings,4,male,37,,1,0,2,3,3,3,0,0,1,,,,,,,,,,,,,,,,
2020,landings,4,male,39,,0,1,0,1,0,1,1,0,1,,,,,,,,,,,,,,,,
2020,landings,4,male,41,,0,0,0,0,1,1,0,0,1,,,,,,,,,,,,,,,,
2021,landings,1,female,25,,2,3,4,0,0,0,0,0,0,0,0,0,0,,,,,,,,,,,,
2021,landings,1,female,27,,2,18,15,6,0,0,0,0,0,0,0,0,0,,,,,,,,,,,,
2021,landings,1,female,29,,0,23,19,9,4,1,0,0,0,0,0,0,0,,,,,,,,,,,,
2021,landings,1,female,31,,1,19,15,12,10,1,0,0,0,0,0,0,0,,,,,,,,,,,,
2021,landings,1,female,33,,0,7,19,13,4,6,2,0,0,0,0,0,0,,,,,,,,,,,,
2021,landings,1,female,35,,0,2,10,11,16,4,4,0,0,0,0,0,0,,,,,,,,,,,,
2021,landings,1,female,37,,0,3,4,9,4,9,7,0,0,0,0,0,0,,,,,,,,,,,,
2021,landings,1,female,39,,0,1,2,1,6,7,5,7,0,1,0,0,0,,,,,,,,,,,,
2021,landings,1,female,41,,0,0,1,5,1,4,8,4,5,1,0,0,0,,,,,,,,,,,,
2021,landings,1,female,43,,0,0,0,2,2,10,5,1,2,2,0,0,0,,,,,,,,,,,,
2021,landings,1,female,45,,0,0,0,0,0,5,2,2,2,2,0,0,0,,,,,,,,,,,,
2021,landings,1,female,47,,0,0,0,0,2,2,4,1,2,1,2,0,0,,,,,,,,,,,,
2021,landings,1,female,49,,0,0,0,0,0,2,0,3,3,3,0,0,0,,,,,,,,,,,,
2021,landings,1,female,51,,0,0,0,0,0,0,2,2,2,1,0,1,0,,,,,,,,,,,,
2021,landings,1,female,53,,0,0,0,0,0,0,1,0,1,1,0,0,0,,,,,,,,,,,,
2021,landings,1,female,55,,0,0,0,0,0,0,0,0,1,0,1,0,1,,,,,,,,,,,,
2021,landings,1,female,57,,0,0,0,0,0,0,0,0,1,0,0,0,0,,,,,,,,,,,,
2021,landings,1,male,25,,0,5,0,1,0,0,0,0,0,0,0,0,,,,,,,,,,,,,
2021,landings,1,male,27,,0,9,8,3,0,0,0,0,0,0,0,0,,,,,,,,,,,,,
2021,landings,1,male,29,,0,9,12,6,2,0,1,0,0,0,0,0,,,,,,,,,,,,,
2021,landings,1,male,31,,0,8,5,4,3,2,0,1,0,0,0,0,,,,,,,,,,,,,
2021,landings,1,male,33,,1,9,4,1,1,4,0,0,0,0,0,0,,,,,,,,,,,,,
2021,landings,1,male,35,,0,2,2,0,2,1,3,1,0,0,1,0,,,,,,,,,,,,,
2021,landings,1,male,37,,0,0,0,0,0,0,1,1,0,0,0,1,,,,,,,,,,,,,
2021,landings,1,male,39,,0,1,0,0,0,0,0,0,1,0,0,0,,,,,,,,,,,,,
2021,landings,1,male,41,,0,0,0,0,0,0,0,0,0,0,0,0,,,,,,,,,,,,,
2021,landings,1,male,43,,0,0,0,0,0,0,0,0,0,1,0,0,,,,,,,,,,,,,
2021,landings,2,female,23,,0,1,2,0,0,0,0,0,0,0,0,0,0,0,,,,,,,,,,,
2021,landings,2,female,25,,0,8,7,4,0,0,0,0,0,0,0,0,0,0,,,,,,,,,,,
2021,landings,2,female,27,,1,24,25,4,1,0,0,0,0,0,0,0,0,0,,,,,,,,,,,
2021,landings,2,female,29,,0,19,30,11,2,0,0,0,0,0,0,0,0,0,,,,,,,,,,,
2021,landings,2,female,31,,1,15,27,8,5,7,0,0,0,0,0,0,0,0,,,,,,,,,,,
2021,landings,2,female,33,,0,10,20,17,5,3,1,0,0,0,0,0,0,0,,,,,,,,,,,
2021,landings,2,female,35,,0,5,20,14,3,5,2,0,0,0,0,0,0,0,,,,,,,,,,,
2021,landings,2,female,37,,0,3,5,6,17,8,4,1,1,0,0,0,0,0,,,,,,,,,,,
2021,landings,2,female,39,,0,2,1,5,11,7,9,6,1,0,0,0,0,0,,,,,,,,,,,
2021,landings,2,female,41,,0,0,1,3,7,6,8,4,1,2,1,0,0,0,,,,,,,,,,,
2021,landings,2,female,43,,0,0,0,0,3,2,10,1,4,3,0,0,0,0,,,,,,,,,,,
2021,landings,2,female,45,,0,0,0,1,1,4,9,4,5,1,0,0,0,0,,,,,,,,,,,
2021,landings,2,female,47,,0,0,0,0,0,2,4,4,4,1,1,0,0,0,,,,,,,,,,,
2021,landings,2,female,49,,0,0,0,0,0,1,3,0,1,4,3,0,1,0,,,,,,,,,,,
2021,landings,2,female,51,,0,0,0,0,0,0,1,1,3,1,2,0,0,1,,,,,,,,,,,
2021,landings,2,female,53,,0,0,0,0,0,0,1,1,0,3,1,1,0,1,,,,,,,,,,,
2021,landings,2,female,55,,0,0,0,0,0,0,1,0,1,0,3,0,0,0,,,,,,,,,,,
2021,landings,2,female,57,,0,0,0,0,0,1,0,0,2,2,0,0,0,1,,,,,,,,,,,
2021,landings,2,female,59,,0,0,0,0,0,0,0,0,1,0,0,0,0,0,,,,,,,,,,,
2021,landings,2,female,61,,0,0,0,0,0,0,0,0,0,0,1,0,0,1,,,,,,,,,,,
2021,landings,2,female,63,,0,0,0,0,0,0,0,0,0,0,0,1,0,0,,,,,,,,,,,
2021,landings,2,male,25,,2,9,1,1,1,0,0,0,0,0,0,0,0,,,,,,,,,,,,
2021,landings,2,male,27,,4,8,15,5,1,2,0,0,0,0,0,0,0,,,,,,,,,,,,
2021,landings,2,male,29,,1,7,16,6,2,2,0,1,0,0,0,0,0,,,,,,,,,,,,
2021,landings,2,male,31,,0,6,9,1,3,4,1,0,0,0,0,0,0,,,,,,,,,,,,
2021,landings,2,male,33,,0,1,8,8,2,2,1,1,0,0,1,0,0,,,,,,,,,,,,
2021,landings,2,male,35,,0,0,4,2,3,3,1,0,0,0,0,0,0,,,,,,,,,,,,
2021,landings,2,male,37,,0,1,0,1,0,3,2,0,0,1,0,0,0,,,,,,,,,,,,
2021,landings,2,male,39,,0,0,1,0,0,2,1,1,1,1,0,0,0,,,,,,,,,,,,
2021,landings,2,male,41,,0,0,0,0,0,1,0,2,0,1,0,0,0,,,,,,,,,,,,
2021,landings,2,male,43,,0,0,0,0,0,0,0,0,1,0,0,0,0,,,,,,,,,,,,
2021,landings,2,male,45,,0,0,0,0,0,0,1,0,0,0,0,0,0,,,,,,,,,,,,
2021,landings,2,male,47,,0,0,0,0,0,0,0,0,0,0,0,0,1,,,,,,,,,,,,
2021,landings,3,female,23,,1,0,0,0,0,0,0,0,0,0,0,0,0,0,,,,,,,,,,,
2021,landings,3,female,25,,6,3,0,0,0,0,0,0,0,0,0,0,0,0,,,,,,,,,,,
2021,landings,3,female,27,,6,20,6,1,1,0,0,0,0,0,0,0,0,0,,,,,,,,,,,
2021,landings,3,female,29,,2,29,9,3,1,0,0,0,0,0,0,0,0,0,,,,,,,,,,,
2021,landings,3,female,31,,4,28,11,1,2,0,0,0,0,0,0,0,0,0,,,,,,,,,,,
2021,landings,3,female,33,,1,17,22,1,1,2,0,0,0,0,0,0,0,0,,,,,,,,,,,
2021,landings,3,female,35,,0,15,11,6,3,1,0,0,0,0,0,0,0,0,,,,,,,,,,,
2021,landings,3,female,37,,0,9,10,9,5,0,1,0,0,0,0,0,0,0,,,,,,,,,,,
2021,landings,3,female,39,,0,5,4,5,9,5,1,1,0,0,0,0,0,0,,,,,,,,,,,
2021,landings,3,female,41,,0,1,3,2,7,3,0,3,0,0,0,0,0,0,,,,,,,,,,,
2021,landings,3,female,43,,0,1,1,4,2,4,4,0,0,0,0,0,0,0,,,,,,,,,,,
2021,landings,3,female,45,,0,0,0,1,1,4,3,0,2,1,0,0,0,0,,,,,,,,,,,
2021,landings,3,female,47,,0,0,0,0,1,0,5,4,1,1,1,0,0,0,,,,,,,,,,,
2021,landings,3,female,49,,0,0,0,0,0,1,5,3,0,0,0,0,0,0,,,,,,,,,,,
2021,landings,3,female,51,,0,0,0,0,1,2,2,2,0,0,0,0,0,0,,,,,,,,,,,
2021,landings,3,female,53,,0,0,0,0,0,1,3,0,0,0,0,0,0,1,,,,,,,,,,,
2021,landings,3,female,55,,0,0,0,0,0,0,0,2,2,2,0,0,0,0,,,,,,,,,,,
2021,landings,3,female,57,,0,0,0,0,0,0,0,0,0,3,1,0,0,0,,,,,,,,,,,
2021,landings,3,female,59,,0,0,0,0,0,0,0,0,0,1,1,0,0,0,,,,,,,,,,,
2021,landings,3,male,25,,3,3,1,0,0,0,0,0,0,0,,,,,,,,,,,,,,,
2021,landings,3,male,27,,4,14,3,1,0,0,0,0,0,0,,,,,,,,,,,,,,,
2021,landings,3,male,29,,6,15,2,1,0,0,0,1,0,0,,,,,,,,,,,,,,,
2021,landings,3,male,31,,1,11,3,1,2,1,1,0,0,0,,,,,,,,,,,,,,,
2021,landings,3,male,33,,0,6,2,3,0,1,1,0,0,0,,,,,,,,,,,,,,,
2021,landings,3,male,35,,0,2,4,0,1,2,0,0,1,0,,,,,,,,,,,,,,,
2021,landings,3,male,37,,0,1,2,0,0,1,0,2,0,0,,,,,,,,,,,,,,,
2021,landings,3,male,39,,0,0,0,0,0,0,0,1,0,0,,,,,,,,,,,,,,,
2021,landings,3,male,41,,0,0,0,0,0,1,0,0,0,1,,,,,,,,,,,,,,,
2021,landings,3,male,43,,0,0,0,0,0,0,0,0,0,0,,,,,,,,,,,,,,,
2021,landings,3,male,45,,0,0,0,0,0,0,0,0,0,1,,,,,,,,,,,,,,,
2021,landings,4,female,23,,1,0,0,0,0,0,0,0,0,0,0,0,0,0,,,,,,,,,,,
2021,landings,4,female,25,,1,7,1,0,0,0,0,0,0,0,0,0,0,0,,,,,,,,,,,
2021,landings,4,female,27,,5,33,6,0,2,0,0,0,0,0,0,0,0,0,,,,,,,,,,,
2021,landings,4,female,29,,8,36,14,2,1,1,1,0,0,0,0,0,0,0,,,,,,,,,,,
2021,landings,4,female,31,,3,34,14,10,0,2,1,0,0,0,0,0,0,0,,,,,,,,,,,
2021,landings,4,female,33,,2,27,14,6,5,2,1,1,0,0,0,0,0,0,,,,,,,,,,,
2021,landings,4,female,35,,0,10,12,14,4,3,1,1,0,0,0,0,0,0,,,,,,,,,,,
2021,landings,4,female,37,,0,4,10,13,6,5,4,0,1,1,0,0,0,0,,,,,,,,,,,
2021,landings,4,female,39,,0,2,8,13,9,3,3,2,0,0,0,1,0,0,,,,,,,,,,,
2021,landings,4,female,41,,0,0,1,5,6,6,9,2,2,1,1,0,0,0,,,,,,,,,,,
2021,landings,4,female,43,,0,0,0,3,3,11,3,3,1,3,0,0,0,0,,,,,,,,,,,
2021,landings,4,female,45,,0,0,0,1,2,5,6,4,2,4,0,0,0,0,,,,,,,,,,,
2021,landings,4,female,47,,0,0,0,0,2,5,5,3,1,4,1,0,0,0,,,,,,,,,,,
2021,landings,4,female,49,,0,0,0,0,1,4,7,1,4,2,4,0,0,0,,,,,,,,,,,
2021,landings,4,female,51,,0,0,0,0,0,4,2,2,1,3,1,1,1,0,,,,,,,,,,,
2021,landings,4,female,53,,0,0,0,0,0,1,2,2,2,1,2,1,1,0,,,,,,,,,,,
2021,landings,4,female,55,,0,0,0,0,1,0,1,1,1,2,0,0,0,1,,,,,,,,,,,
2021,landings,4,female,57,,0,0,0,0,0,0,0,1,0,3,0,1,1,1,,,,,,,,,,,
2021,landings,4,female,59,,0,0,0,0,0,0,0,0,2,0,0,0,0,0,,,,,,,,,,,
2021,landings,4,female,61,,0,0,0,0,0,0,0,0,0,0,1,0,0,0,,,,,,,,,,,
2021,landings,4,female,63,,0,0,0,0,0,0,0,0,0,0,0,0,0,1,,,,,,,,,,,
2021,landings,4,male,23,,1,1,0,0,0,0,0,0,0,0,0,,,,,,,,,,,,,,
2021,landings,4,male,25,,0,4,2,1,1,0,0,0,0,0,0,,,,,,,,,,,,,,
2021,landings,4,male,27,,5,16,8,2,3,2,0,0,0,0,0,,,,,,,,,,,,,,
2021,landings,4,male,29,,8,16,12,3,0,3,2,0,0,0,0,,,,,,,,,,,,,,
2021,landings,4,male,31,,2,11,9,3,3,2,1,1,0,0,0,,,,,,,,,,,,,,
2021,landings,4,male,33,,1,8,4,2,3,4,0,0,1,0,0,,,,,,,,,,,,,,
2021,landings,4,male,35,,0,1,2,2,3,2,1,2,0,2,0,,,,,,,,,,,,,,
2021,landings,4,male,37,,0,0,0,1,2,1,1,0,0,0,1,,,,,,,,,,,,,,
2021,landings,4,male,39,,0,0,0,0,0,0,3,0,1,0,1,,,,,,,,,,,,,,
2021,landings,4,male,41,,0,0,0,0,1,0,0,2,0,0,0,,,,,,,,,,,,,,
2021,landings,4,male,43,,0,0,0,0,1,0,0,0,0,0,0,,,,,,,,,,,,,,
2021,landings,4,male,45,,0,0,0,0,0,0,0,0,0,0,1,,,,,,,,,,,,,,
2021,landings,4,male,47,,0,0,0,0,0,0,0,0,0,0,0,,,,,,,,,,,,,,
2021,landings,4,male,49,,0,0,0,0,0,0,1,0,0,0,0,,,,,,,,,,,,,,
2021,landings,4,male,51,,0,0,0,0,0,0,0,0,0,0,0,,,,,,,,,,,,,,
2021,landings,4,male,53,,0,0,0,0,0,0,0,0,0,0,0,,,,,,,,,,,,,,
2021,landings,4,male,55,,0,0,0,0,0,0,0,0,0,0,0,,,,,,,,,,,,,,
2021,landings,4,male,57,,0,0,0,0,0,0,0,0,1,0,0,,,,,,,,,,,,,,
2022,landings,1,female,25,,0,1,3,0,0,0,0,0,0,0,0,0,0,0,,,,,,,,,,,
2022,landings,1,female,27,,0,7,23,6,0,0,0,0,0,0,0,0,0,0,,,,,,,,,,,
2022,landings,1,female,29,,1,7,27,14,0,1,0,0,0,0,0,0,0,0,,,,,,,,,,,
2022,landings,1,female,31,,1,8,26,12,4,1,0,0,0,0,0,0,0,0,,,,,,,,,,,
2022,landings,1,female,33,,0,3,30,17,4,1,0,0,0,0,0,0,0,0,,,,,,,,,,,
2022,landings,1,female,35,,0,0,24,14,7,3,0,1,0,0,0,0,0,0,,,,,,,,,,,
2022,landings,1,female,37,,0,3,9,9,10,8,4,3,1,0,0,0,0,0,,,,,,,,,,,
2022,landings,1,female,39,,0,1,6,6,6,6,7,5,3,0,0,0,0,0,,,,,,,,,,,
2022,landings,1,female,41,,0,0,3,4,11,10,6,6,1,1,0,0,0,0,,,,,,,,,,,
2022,landings,1,female,43,,0,0,1,5,3,5,5,8,3,0,0,0,0,0,,,,,,,,,,,
2022,landings,1,female,45,,0,0,0,1,3,3,9,6,5,1,1,2,0,0,,,,,,,,,,,
2022,landings,1,female,47,,0,0,1,0,0,3,7,6,8,1,4,0,0,0,,,,,,,,,,,
2022,landings,1,female,49,,0,0,0,0,0,2,6,6,4,2,2,5,0,1,,,,,,,,,,,
2022,landings,1,female,51,,0,0,0,0,0,0,3,3,6,6,2,1,3,1,,,,,,,,,,,
2022,landings,1,female,53,,0,0,0,0,0,0,2,5,2,4,1,1,0,2,,,,,,,,,,,
2022,landings,1,female,55,,0,0,0,0,0,0,0,3,7,1,2,0,1,3,,,,,,,,,,,
2022,landings,1,female,57,,0,0,0,0,0,0,1,1,1,1,0,2,1,0,,,,,,,,,,,
2022,landings,1,female,59,,0,0,0,0,0,0,0,0,0,1,1,0,0,0,,,,,,,,,,,
2022,landings,1,female,61,,0,0,0,0,0,0,0,0,0,0,2,1,0,0,,,,,,,,,,,
2022,landings,1,female,63,,0,0,0,0,0,0,0,0,0,0,0,1,0,0,,,,,,,,,,,
2022,landings,1,male,23,,0,0,1,0,0,0,0,0,0,0,0,0,0,,,,,,,,,,,,
2022,landings,1,male,25,,0,0,1,2,0,0,0,0,0,0,0,0,0,,,,,,,,,,,,
2022,landings,1,male,27,,0,8,11,3,0,0,0,0,0,0,0,0,0,,,,,,,,,,,,
2022,landings,1,male,29,,1,6,11,5,0,0,0,0,0,0,0,0,0,,,,,,,,,,,,
2022,landings,1,male,31,,0,2,14,7,1,0,0,0,1,0,1,0,0,,,,,,,,,,,,
2022,landings,1,male,33,,0,2,9,5,1,1,0,1,1,0,0,0,0,,,,,,,,,,,,
2022,landings,1,male,35,,0,0,4,3,4,1,1,3,2,0,0,0,0,,,,,,,,,,,,
2022,landings,1,male,37,,0,0,1,2,1,3,2,3,1,0,0,0,0,,,,,,,,,,,,
2022,landings,1,male,39,,0,0,0,0,0,0,1,0,1,1,1,0,1,,,,,,,,,,,,
2022,landings,1,male,41,,0,0,0,0,1,0,1,0,0,0,0,1,0,,,,,,,,,,,,
2022,landings,1,male,43,,0,0,0,0,0,0,1,1,0,1,0,0,0,,,,,,,,,,,,
2022,landings,1,male,45,,0,0,0,0,0,0,0,1,0,0,0,0,0,,,,,,,,,,,,
2022,landings,2,female,25,,1,2,6,5,0,0,0,0,0,0,0,0,0,0,,,,,,,,,,,
2022,landings,2,female,27,,4,12,20,6,1,0,0,0,0,0,0,0,0,0,,,,,,,,,,,
2022,landings,2,female,29,,5,13,27,18,1,0,0,0,0,0,0,0,0,0,,,,,,,,,,,
2022,landings,2,female,31,,0,3,35,18,4,1,1,0,0,0,0,0,0,0,,,,,,,,,,,
2022,landings,2,female,33,,0,5,25,17,9,1,0,0,0,0,0,0,0,0,,,,,,,,,,,
2022,landings,2,female,35,,0,1,13,20,13,3,3,0,0,0,0,0,0,0,,,,,,,,,,,
2022,landings,2,female,37,,0,1,2,9,21,10,1,1,1,0,0,0,0,0,,,,,,,,,,,
2022,landings,2,female,39,,0,0,4,5,9,8,11,2,2,0,0,0,0,0,,,,,,,,,,,
2022,landings,2,female,41,,0,0,2,2,8,11,4,2,1,1,0,0,0,0,,,,,,,,,,,
2022,landings,2,female,43,,0,0,0,2,1,5,9,6,1,2,0,0,1,0,,,,,,,,,,,
2022,landings,2,female,45,,0,0,0,1,0,4,7,6,5,2,0,1,0,1,,,,,,,,,,,
2022,landings,2,female,47,,0,0,0,0,3,1,8,4,1,3,1,0,0,0,,,,,,,,,,,
2022,landings,2,female,49,,0,0,0,0,0,0,4,3,3,4,4,0,0,0,,,,,,,,,,,
2022,landings,2,female,51,,0,0,0,0,0,0,1,3,1,5,2,1,0,0,,,,,,,,,,,
2022,landings,2,female,53,,0,0,0,0,1,0,1,2,3,1,3,0,0,0,,,,,,,,,,,
2022,landings,2,female,55,,0,0,0,0,0,1,0,2,3,2,2,1,0,0,,,,,,,,,,,
2022,landings,2,female,57,,0,0,0,0,0,0,0,0,0,1,4,1,0,0,,,,,,,,,,,
2022,landings,2,female,59,,0,0,0,0,0,0,0,1,1,1,0,0,0,1,,,,,,,,,,,
2022,landings,2,female,61,,0,0,0,0,0,0,0,0,1,0,0,2,1,1,,,,,,,,,,,
2022,landings,2,female,63,,0,0,0,0,0,0,0,0,0,0,0,0,0,0,,,,,,,,,,,
2022,landings,2,female,65,,0,0,0,0,0,0,0,0,0,0,0,0,0,0,,,,,,,,,,,
2022,landings,2,female,67,,0,0,0,0,0,0,0,0,0,0,0,0,0,0,,,,,,,,,,,
2022,landings,2,female,69,,0,0,0,0,0,0,0,0,0,0,0,0,0,0,,,,,,,,,,,
2022,landings,2,female,71,,0,0,0,0,0,0,0,0,1,0,0,0,0,0,,,,,,,,,,,
2022,landings,2,male,25,,0,1,2,1,0,0,0,0,0,0,0,0,,,,,,,,,,,,,
2022,landings,2,male,27,,0,8,6,4,1,0,0,0,0,0,0,0,,,,,,,,,,,,,
2022,landings,2,male,29,,1,7,12,7,3,1,0,0,0,0,0,0,,,,,,,,,,,,,
2022,landings,2,male,31,,0,4,13,6,3,3,1,0,0,0,0,0,,,,,,,,,,,,,
2022,landings,2,male,33,,0,3,5,5,3,0,3,0,1,0,0,0,,,,,,,,,,,,,
2022,landings,2,male,35,,0,0,3,2,3,2,3,5,1,1,0,0,,,,,,,,,,,,,
2022,landings,2,male,37,,0,0,0,0,1,0,1,3,1,3,0,1,,,,,,,,,,,,,
2022,landings,2,male,39,,0,0,0,0,1,0,0,0,2,1,1,0,,,,,,,,,,,,,
2022,landings,2,male,41,,0,0,0,0,0,0,1,0,0,0,0,0,,,,,,,,,,,,,
2022,landings,2,male,43,,0,0,0,0,0,0,0,0,0,0,0,0,,,,,,,,,,,,,
2022,landings,2,male,45,,0,0,0,0,0,0,0,0,1,0,0,0,,,,,,,,,,,,,
2022,landings,3,female,23,,1,1,0,0,0,0,0,0,0,0,0,0,0,0,,,,,,,,,,,
2022,landings,3,female,25,,2,11,0,0,0,0,0,0,0,0,0,0,0,0,,,,,,,,,,,
2022,landings,3,female,27,,5,13,15,4,0,0,0,0,0,0,0,0,0,0,,,,,,,,,,,
2022,landings,3,female,29,,3,19,24,3,1,0,0,0,0,0,0,0,0,0,,,,,,,,,,,
2022,landings,3,female,31,,1,9,24,10,2,0,0,1,0,0,0,0,0,0,,,,,,,,,,,
2022,landings,3,female,33,,2,9,23,12,3,3,0,0,0,0,0,0,0,0,,,,,,,,,,,
2022,landings,3,female,35,,2,3,28,9,7,2,0,0,0,0,0,0,0,0,,,,,,,,,,,
2022,landings,3,female,37,,1,2,12,13,6,4,1,2,0,0,0,0,0,0,,,,,,,,,,,
2022,landings,3,female,39,,0,1,10,11,5,2,4,0,0,1,0,0,0,0,,,,,,,,,,,
2022,landings,3,female,41,,0,0,8,4,7,5,6,4,0,0,0,0,0,0,,,,,,,,,,,
2022,landings,3,female,43,,0,0,2,5,5,3,7,3,2,1,0,0,0,0,,,,,,,,,,,
2022,landings,3,female,45,,0,0,3,1,5,7,4,4,3,0,0,0,0,0,,,,,,,,,,,
2022,landings,3,female,47,,0,0,0,2,0,3,3,11,3,2,0,0,0,0,,,,,,,,,,,
2022,landings,3,female,49,,0,0,0,0,0,5,5,5,1,3,2,1,0,0,,,,,,,,,,,
2022,landings,3,female,51,,0,0,0,0,1,0,1,6,2,2,1,0,2,1,,,,,,,,,,,
2022,landings,3,female,53,,0,0,0,0,0,0,0,0,4,4,2,1,0,1,,,,,,,,,,,
2022,landings,3,female,55,,0,0,0,0,0,0,0,2,4,2,3,0,1,0,,,,,,,,,,,
2022,landings,3,female,57,,0,0,0,0,0,0,1,1,0,0,0,1,1,1,,,,,,,,,,,
2022,landings,3,female,59,,0,0,0,0,0,0,0,0,0,1,1,0,0,0,,,,,,,,,,,
2022,landings,3,female,61,,0,0,0,0,0,0,0,0,0,0,0,0,1,0,,,,,,,,,,,
2022,landings,3,female,63,,0,0,0,0,0,0,0,0,0,1,1,1,0,0,,,,,,,,,,,
2022,landings,3,male,23,,0,1,1,0,0,0,0,0,0,0,0,0,0,,,,,,,,,,,,
2022,landings,3,male,25,,0,4,4,0,0,0,0,0,0,0,0,0,0,,,,,,,,,,,,
2022,landings,3,male,27,,5,8,7,4,0,0,0,0,0,0,0,0,0,,,,,,,,,,,,
2022,landings,3,male,29,,5,2,13,6,0,0,0,0,0,0,0,0,0,,,,,,,,,,,,
2022,landings,3,male,31,,4,7,10,7,3,0,0,1,0,0,0,0,0,,,,,,,,,,,,
2022,landings,3,male,33,,2,2,4,6,5,1,1,2,0,0,0,0,0,,,,,,,,,,,,
2022,landings,3,male,35,,1,1,6,1,3,2,0,1,0,0,0,0,1,,,,,,,,,,,,
2022,landings,3,male,37,,0,0,1,0,2,0,0,0,0,0,0,0,0,,,,,,,,,,,,
2022,landings,3,male,39,,0,0,0,1,0,0,2,0,0,0,0,0,0,,,,,,,,,,,,
2022,landings,3,male,41,,0,0,0,1,0,0,0,0,0,0,0,0,0,,,,,,,,,,,,
2022,landings,3,male,43,,0,0,0,0,0,1,0,0,0,3,0,0,0,,,,,,,,,,,,
2022,landings,3,male,45,,0,0,0,0,0,0,0,0,0,0,0,0,0,,,,,,,,,,,,
2022,landings,3,male,47,,0,0,0,0,0,0,0,0,0,0,0,1,0,,,,,,,,,,,,
2022,landings,3,male,49,,0,0,0,0,0,0,1,0,0,0,0,0,0,,,,,,,,,,,,
2022,landings,4,female,21,,0,0,1,0,0,0,0,0,0,0,0,0,0,0,,,,,,,,,,,
2022,landings,4,female,23,,0,1,0,0,0,0,0,0,0,0,0,0,0,0,,,,,,,,,,,
2022,landings,4,female,25,,1,13,2,0,0,0,0,0,0,0,0,0,0,0,,,,,,,,,,,
2022,landings,4,female,27,,5,13,15,3,0,0,0,0,0,0,0,0,0,0,,,,,,,,,,,
2022,landings,4,female,29,,1,16,19,5,0,0,0,0,0,0,0,0,0,0,,,,,,,,,,,
2022,landings,4,female,31,,0,11,32,4,1,0,0,0,0,0,0,0,0,0,,,,,,,,,,,
2022,landings,4,female,33,,0,6,35,5,1,0,0,0,0,0,0,0,0,0,,,,,,,,,,,
2022,landings,4,female,35,,0,3,29,9,3,1,0,0,0,0,0,0,0,0,,,,,,,,,,,
2022,landings,4,female,37,,0,3,11,17,10,2,0,0,0,0,0,0,0,0,,,,,,,,,,,
2022,landings,4,female,39,,1,4,11,6,10,4,4,1,0,0,0,0,0,0,,,,,,,,,,,
2022,landings,4,female,41,,0,0,2,11,6,11,5,1,0,0,1,0,0,0,,,,,,,,,,,
2022,landings,4,female,43,,0,1,1,5,8,5,5,5,1,1,0,0,0,0,,,,,,,,,,,
2022,landings,4,female,45,,0,0,3,4,3,4,15,5,1,0,0,0,0,0,,,,,,,,,,,
2022,landings,4,female,47,,0,0,1,0,2,5,4,7,7,2,0,1,0,0,,,,,,,,,,,
2022,landings,4,female,49,,0,0,0,1,1,7,6,4,1,4,3,1,0,0,,,,,,,,,,,
2022,landings,4,female,51,,0,0,0,1,2,3,7,5,2,5,0,0,1,0,,,,,,,,,,,
2022,landings,4,female,53,,0,0,1,1,0,0,5,2,1,6,1,0,0,1,,,,,,,,,,,
2022,landings,4,female,55,,0,0,0,0,0,2,4,4,1,3,4,2,1,0,,,,,,,,,,,
2022,landings,4,female,57,,0,0,0,0,0,0,1,0,3,0,1,0,0,0,,,,,,,,,,,
2022,landings,4,female,59,,0,0,0,0,0,0,1,2,0,1,1,1,0,0,,,,,,,,,,,
2022,landings,4,female,61,,0,0,0,0,0,0,0,0,0,0,1,0,0,0,,,,,,,,,,,
2022,landings,4,female,63,,0,0,0,0,0,0,0,0,0,0,1,0,0,0,,,,,,,,,,,
2022,landings,4,female,65,,0,0,0,0,0,0,0,0,0,0,0,0,0,1,,,,,,,,,,,
2022,landings,4,male,23,,0,1,0,0,0,0,0,0,0,0,0,0,,,,,,,,,,,,,
2022,landings,4,male,25,,3,2,4,0,0,0,0,0,0,0,0,0,,,,,,,,,,,,,
2022,landings,4,male,27,,3,9,13,0,0,0,0,0,0,0,0,0,,,,,,,,,,,,,
2022,landings,4,male,29,,2,11,14,5,2,0,0,1,0,0,0,0,,,,,,,,,,,,,
2022,landings,4,male,31,,1,4,7,5,3,0,0,0,0,0,0,0,,,,,,,,,,,,,
2022,landings,4,male,33,,1,3,9,6,3,1,1,1,0,0,0,0,,,,,,,,,,,,,
2022,landings,4,male,35,,0,1,2,2,6,2,4,2,0,0,0,0,,,,,,,,,,,,,
2022,landings,4,male,37,,0,1,2,1,1,4,0,1,1,0,0,0,,,,,,,,,,,,,
2022,landings,4,male,39,,0,1,1,0,0,0,0,1,1,0,0,0,,,,,,,,,,,,,
2022,landings,4,male,41,,0,0,0,0,0,1,3,0,0,0,0,0,,,,,,,,,,,,,
2022,landings,4,male,43,,0,0,0,0,0,0,1,0,1,0,0,1,,,,,,,,,,,,,
2022,landings,4,male,45,,0,0,0,0,0,0,0,0,0,0,0,0,,,,,,,,,,,,,
2022,landings,4,male,47,,0,0,0,0,0,0,0,0,0,0,0,0,,,,,,,,,,,,,
2022,landings,4,male,49,,0,0,0,0,0,0,0,0,0,0,0,0,,,,,,,,,,,,,
2022,landings,4,male,51,,0,0,0,0,0,1,0,0,0,0,0,0,,,,,,,,,,,,,
